0x3400,㐀,341
0x3401,㐁,86
0x3402,㐂,1
0x3403,㐃,6
0x3404,㐄,48
0x3405,㐅,146
0x3406,㐆,145
0x3408,㐈,1
0x3409,㐉,2
0x340b,㐋,3
0x340c,㐌,373
0x340d,㐍,1
0x3414,㐔,4
0x3416,㐖,5
0x341c,㐜,21
0x3424,㐤,1
0x3427,㐧,1
0x3428,㐨,18
0x3429,㐩,9
0x342a,㐪,356
0x342b,㐫,17288
0x342c,㐬,217
0x342d,㐭,470
0x342e,㐮,11362
0x342f,㐯,1
0x3430,㐰,50
0x3431,㐱,406
0x3432,㐲,2391
0x3433,㐳,61
0x3434,㐴,22
0x3435,㐵,2
0x3436,㐶,27
0x3438,㐸,27
0x3439,㐹,41
0x343a,㐺,10
0x343b,㐻,10
0x343c,㐼,8
0x343e,㐾,18
0x3440,㑀,22
0x3441,㑁,27
0x3442,㑂,119
0x3443,㑃,10
0x3444,㑄,36
0x3445,㑅,844
0x3446,㑆,41
0x3447,㑇,1
0x3448,㑈,3
0x3449,㑉,25
0x344a,㑊,273
0x344b,㑋,37
0x344c,㑌,34
0x344d,㑍,5
0x344e,㑎,7
0x344f,㑏,26
0x3450,㑐,3
0x3451,㑑,66
0x3452,㑒,66
0x3453,㑓,166
0x3454,㑔,1
0x3457,㑗,62
0x3458,㑘,11
0x3459,㑙,10
0x345a,㑚,8
0x345b,㑛,37
0x345c,㑜,22
0x345d,㑝,42
0x345e,㑞,38
0x345f,㑟,16
0x3461,㑡,8
0x3462,㑢,5
0x3463,㑣,44
0x3464,㑤,8
0x3465,㑥,130
0x3466,㑦,90
0x3467,㑧,4
0x3468,㑨,79
0x3469,㑩,1
0x346a,㑪,42
0x346b,㑫,5
0x346d,㑭,329
0x346e,㑮,40
0x346f,㑯,31
0x3470,㑰,26
0x3471,㑱,23
0x3472,㑲,31
0x3473,㑳,28
0x3474,㑴,602
0x3475,㑵,26
0x3476,㑶,31
0x3477,㑷,22
0x3478,㑸,1
0x3479,㑹,521779
0x347a,㑺,352
0x347b,㑻,55
0x347c,㑼,1
0x347d,㑽,10
0x347e,㑾,22
0x347f,㑿,20
0x3480,㒀,11
0x3481,㒁,25
0x3482,㒂,10
0x3483,㒃,45
0x3484,㒄,17
0x3485,㒅,4
0x3486,㒆,8
0x3487,㒇,31
0x3488,㒈,58
0x3489,㒉,11
0x348a,㒊,28
0x348b,㒋,69
0x348c,㒌,15
0x348d,㒍,5
0x348e,㒎,6
0x348f,㒏,6
0x3490,㒐,2
0x3491,㒑,15
0x3492,㒒,1812
0x3493,㒓,77
0x3494,㒔,162
0x3495,㒕,7
0x3496,㒖,3
0x3497,㒗,8
0x3498,㒘,3
0x3499,㒙,2
0x349a,㒚,36
0x349b,㒛,11
0x349c,㒜,352
0x349d,㒝,14
0x349e,㒞,315
0x349f,㒟,413
0x34a0,㒠,9
0x34a1,㒡,77
0x34a2,㒢,10
0x34a4,㒤,31
0x34a5,㒥,11
0x34a6,㒦,19
0x34a7,㒧,79
0x34a8,㒨,87
0x34a9,㒩,89
0x34aa,㒪,6
0x34ab,㒫,14
0x34ac,㒬,49
0x34ad,㒭,7
0x34ae,㒮,18
0x34af,㒯,8
0x34b0,㒰,108
0x34b1,㒱,1
0x34b2,㒲,61
0x34b3,㒳,183
0x34b4,㒴,24
0x34b5,㒵,3113
0x34b6,㒶,12
0x34b7,㒷,2422
0x34b8,㒸,154
0x34b9,㒹,1862
0x34ba,㒺,2677
0x34bb,㒻,9
0x34bc,㒼,2141
0x34bd,㒽,4
0x34be,㒾,18
0x34bf,㒿,102
0x34c0,㓀,1
0x34c1,㓁,99
0x34c2,㓂,33270
0x34c3,㓃,43
0x34c4,㓄,10
0x34c5,㓅,7
0x34c6,㓆,1
0x34c7,㓇,63
0x34c8,㓈,1
0x34c9,㓉,154
0x34ca,㓊,55
0x34cb,㓋,196
0x34cc,㓌,48
0x34cd,㓍,4
0x34ce,㓎,12
0x34cf,㓏,3
0x34d0,㓐,2
0x34d1,㓑,10
0x34d2,㓒,4
0x34d3,㓓,3
0x34d4,㓔,20
0x34d5,㓕,10705
0x34d6,㓖,56
0x34d7,㓗,6519
0x34d8,㓘,4
0x34d9,㓙,7793
0x34da,㓚,34
0x34db,㓛,2579
0x34dc,㓜,71264
0x34dd,㓝,446
0x34de,㓞,564
0x34df,㓟,117
0x34e0,㓠,57
0x34e1,㓡,97
0x34e2,㓢,29
0x34e3,㓣,16
0x34e4,㓤,49
0x34e6,㓦,15
0x34e7,㓧,58
0x34e8,㓨,756
0x34e9,㓩,26
0x34ea,㓪,775
0x34ec,㓬,1
0x34ed,㓭,4
0x34ee,㓮,16
0x34ef,㓯,11
0x34f0,㓰,2
0x34f1,㓱,18
0x34f2,㓲,39
0x34f3,㓳,13
0x34f4,㓴,5
0x34f5,㓵,26
0x34f6,㓶,45
0x34f7,㓷,123
0x34f8,㓸,15
0x34f9,㓹,28
0x34fa,㓺,19
0x34fb,㓻,375
0x34fc,㓼,20
0x34fd,㓽,21
0x34fe,㓾,17
0x34ff,㓿,5
0x3500,㔀,8
0x3501,㔁,5
0x3502,㔂,25
0x3503,㔃,21
0x3504,㔄,9
0x3505,㔅,25
0x3506,㔆,14
0x3507,㔇,8
0x3508,㔈,3
0x3509,㔉,48
0x350a,㔊,5
0x350b,㔋,30
0x350c,㔌,37
0x350d,㔍,28
0x350e,㔎,5
0x350f,㔏,6
0x3510,㔐,10
0x3512,㔒,18
0x3513,㔓,7
0x3515,㔕,6
0x3516,㔖,1
0x3517,㔗,15
0x3518,㔘,1
0x3519,㔙,22
0x351a,㔚,3
0x351c,㔜,7
0x351d,㔝,7
0x351e,㔞,15
0x351f,㔟,103
0x3520,㔠,14
0x3521,㔡,16
0x3522,㔢,64
0x3523,㔣,10
0x3524,㔤,8
0x3525,㔥,12
0x3526,㔦,9
0x3527,㔧,6
0x3528,㔨,64
0x3529,㔩,206
0x352a,㔪,15
0x352b,㔫,576
0x352c,㔬,12
0x352d,㔭,5
0x352e,㔮,30
0x352f,㔯,16
0x3530,㔰,1
0x3531,㔱,6
0x3532,㔲,3
0x3533,㔳,4
0x3534,㔴,15
0x3536,㔶,130
0x3537,㔷,15
0x3538,㔸,16
0x3539,㔹,564
0x353a,㔺,206
0x353b,㔻,1150
0x353c,㔼,32
0x353d,㔽,40
0x353e,㔾,1062
0x353f,㔿,9
0x3540,㕀,10
0x3541,㕁,146
0x3542,㕂,5
0x3543,㕃,5
0x3544,㕄,16
0x3545,㕅,61
0x3546,㕆,286
0x3547,㕇,4
0x3548,㕈,31
0x3549,㕉,57
0x354a,㕊,14
0x354b,㕋,8
0x354c,㕌,59
0x354d,㕍,1710
0x354e,㕎,152
0x354f,㕏,6
0x3550,㕐,54
0x3551,㕑,3814
0x3552,㕒,437
0x3553,㕓,5956
0x3554,㕔,30762
0x3555,㕕,20
0x3556,㕖,7
0x3557,㕗,11
0x3558,㕘,31337
0x3559,㕙,594
0x355a,㕚,19
0x355b,㕛,625
0x355c,㕜,758
0x355d,㕝,52
0x355e,㕞,106
0x355f,㕟,55
0x3560,㕠,1215
0x3561,㕡,92
0x3562,㕢,26
0x3563,㕣,67
0x3564,㕤,11
0x3565,㕥,2679
0x3566,㕦,149
0x3567,㕧,370
0x3568,㕨,19
0x3569,㕩,13
0x356a,㕪,3
0x356b,㕫,19
0x356c,㕬,10
0x356d,㕭,107
0x356e,㕮,10032
0x356f,㕯,74
0x3570,㕰,37
0x3571,㕱,14
0x3572,㕲,35
0x3573,㕳,15
0x3574,㕴,5
0x3575,㕵,5
0x3576,㕶,580
0x3577,㕷,13
0x3578,㕸,38
0x3579,㕹,200
0x357a,㕺,13
0x357b,㕻,17
0x357c,㕼,20
0x357d,㕽,5
0x357f,㕿,48
0x3580,㖀,393
0x3581,㖁,12
0x3582,㖂,23
0x3583,㖃,281
0x3584,㖄,4
0x3585,㖅,15
0x3586,㖆,7
0x3587,㖇,7
0x3589,㖉,120
0x358a,㖊,2
0x358f,㖏,6
0x3590,㖐,1
0x3591,㖑,51
0x3592,㖒,24
0x3593,㖓,19
0x3594,㖔,11
0x3595,㖕,4
0x3596,㖖,10
0x3597,㖗,6
0x3598,㖘,11
0x359b,㖛,1
0x359e,㖞,15
0x359f,㖟,283
0x35a0,㖠,5
0x35a1,㖡,116
0x35a2,㖢,12
0x35a3,㖣,11
0x35a4,㖤,45
0x35a5,㖥,19
0x35a6,㖦,93
0x35a7,㖧,78
0x35a8,㖨,43
0x35a9,㖩,28
0x35aa,㖪,16
0x35ab,㖫,171
0x35ad,㖭,16
0x35ae,㖮,31
0x35b4,㖴,11
0x35b5,㖵,79
0x35b6,㖶,385
0x35b7,㖷,13
0x35b8,㖸,279
0x35b9,㖹,8
0x35ba,㖺,17
0x35bb,㖻,38
0x35bc,㖼,1
0x35bd,㖽,29
0x35be,㖾,48
0x35bf,㖿,176
0x35c0,㗀,58
0x35c1,㗁,212
0x35c2,㗂,29
0x35c3,㗃,23
0x35c4,㗄,4
0x35c5,㗅,129
0x35c6,㗆,5
0x35c7,㗇,26
0x35c8,㗈,6
0x35c9,㗉,58
0x35ca,㗊,184
0x35cb,㗋,2085
0x35cc,㗌,17
0x35cd,㗍,8
0x35d0,㗐,102
0x35d1,㗑,5
0x35d2,㗒,2
0x35d3,㗓,3
0x35d4,㗔,14
0x35d5,㗕,23
0x35d6,㗖,3425
0x35d7,㗗,7
0x35d8,㗘,28
0x35d9,㗙,9
0x35da,㗚,355
0x35db,㗛,151
0x35dc,㗜,227
0x35de,㗞,1
0x35e2,㗢,7
0x35e3,㗣,94
0x35e4,㗤,13
0x35e5,㗥,8
0x35e6,㗦,32
0x35e7,㗧,27
0x35e8,㗨,30
0x35e9,㗩,31
0x35ea,㗪,7
0x35eb,㗫,39
0x35ec,㗬,14
0x35ed,㗭,86
0x35f0,㗰,2
0x35f1,㗱,48
0x35f2,㗲,212
0x35f3,㗳,275
0x35f4,㗴,71
0x35f5,㗵,39
0x35f6,㗶,87
0x35f8,㗸,809
0x35f9,㗹,1
0x35fa,㗺,8
0x35fb,㗻,27
0x35fc,㗼,35
0x35fd,㗽,23
0x35fe,㗾,7
0x35ff,㗿,42
0x3600,㘀,16
0x3601,㘁,141
0x3602,㘂,4
0x3603,㘃,10
0x3605,㘅,839
0x3606,㘆,43
0x3607,㘇,17
0x3608,㘈,124
0x3609,㘉,33
0x360a,㘊,31
0x360b,㘋,20
0x360c,㘌,5
0x360d,㘍,7
0x360e,㘎,2
0x3610,㘐,5
0x3611,㘑,371
0x3613,㘓,313
0x3615,㘕,230
0x3616,㘖,127
0x3617,㘗,9
0x3618,㘘,54
0x3619,㘙,7
0x361a,㘚,54
0x361b,㘛,2
0x361c,㘜,7
0x361d,㘝,31
0x361e,㘞,588
0x361f,㘟,9
0x3620,㘠,18
0x3621,㘡,3
0x3622,㘢,4
0x3623,㘣,12
0x3624,㘤,18
0x3625,㘥,40
0x3626,㘦,121
0x3627,㘧,52
0x3628,㘨,20
0x3629,㘩,25
0x362a,㘪,21
0x362b,㘫,3
0x362c,㘬,48
0x362d,㘭,2512
0x362e,㘮,1
0x362f,㘯,3
0x3630,㘰,219
0x3631,㘱,18
0x3632,㘲,34
0x3633,㘳,4
0x3634,㘴,2813
0x3635,㘵,13
0x3636,㘶,5
0x3637,㘷,2
0x3638,㘸,59
0x3639,㘹,71
0x363a,㘺,17
0x363b,㘻,15
0x363c,㘼,2
0x363e,㘾,2
0x363f,㘿,14
0x3640,㙀,15
0x3641,㙁,33
0x3642,㙂,22
0x3643,㙃,4
0x3644,㙄,49
0x3645,㙅,1
0x3646,㙆,1
0x3647,㙇,26
0x3648,㙈,20
0x3649,㙉,163
0x364a,㙊,16
0x364b,㙋,22
0x364d,㙍,3
0x364e,㙎,12
0x364f,㙏,23
0x3650,㙐,59
0x3651,㙑,5
0x3652,㙒,76
0x3653,㙓,70
0x3654,㙔,606
0x3655,㙕,9
0x3656,㙖,8
0x3657,㙗,30
0x3658,㙘,1
0x3659,㙙,49
0x365a,㙚,23
0x365b,㙛,71
0x365c,㙜,770
0x365d,㙝,7
0x365e,㙞,42
0x365f,㙟,4
0x3660,㙠,91
0x3661,㙡,63
0x3662,㙢,3
0x3663,㙣,5
0x3664,㙤,39
0x3665,㙥,6
0x3667,㙧,8
0x3668,㙨,43
0x3669,㙩,42
0x366a,㙪,64
0x366b,㙫,14
0x366c,㙬,11
0x366d,㙭,103
0x366e,㙮,1425
0x366f,㙯,139
0x3670,㙰,6
0x3671,㙱,55
0x3672,㙲,137
0x3673,㙳,20
0x3674,㙴,97
0x3675,㙵,2
0x3676,㙶,38
0x3677,㙷,174
0x3678,㙸,36
0x3679,㙹,4
0x367a,㙺,96
0x367b,㙻,61
0x367c,㙼,26
0x367e,㙾,47
0x367f,㙿,1
0x3680,㚀,21
0x3681,㚁,12
0x3682,㚂,10
0x3683,㚃,77
0x3684,㚄,454
0x3685,㚅,17
0x3686,㚆,63
0x3687,㚇,484
0x3688,㚈,99
0x3689,㚉,1
0x368a,㚊,7
0x368b,㚋,30
0x368c,㚌,33
0x368d,㚍,60
0x368e,㚎,8
0x368f,㚏,50
0x3690,㚐,12
0x3691,㚑,14
0x3692,㚒,93
0x3693,㚓,35
0x3694,㚔,186
0x3695,㚕,8
0x3696,㚖,154
0x3697,㚗,31
0x3698,㚘,333
0x3699,㚙,3
0x369a,㚚,24
0x369b,㚛,11
0x369c,㚜,5
0x369d,㚝,12
0x369e,㚞,45
0x369f,㚟,1052
0x36a0,㚠,9
0x36a1,㚡,5
0x36a2,㚢,32
0x36a3,㚣,16
0x36a4,㚤,45
0x36a5,㚥,185
0x36a6,㚦,2
0x36a8,㚨,6
0x36a9,㚩,8
0x36aa,㚪,7
0x36ab,㚫,4
0x36ac,㚬,2
0x36ad,㚭,2
0x36ae,㚮,3
0x36b0,㚰,10
0x36b1,㚱,1
0x36b2,㚲,1229
0x36b4,㚴,7
0x36b5,㚵,1
0x36b6,㚶,25
0x36b7,㚷,15
0x36b8,㚸,1
0x36b9,㚹,23
0x36ba,㚺,12
0x36bb,㚻,32
0x36bc,㚼,10
0x36bd,㚽,12
0x36be,㚾,4
0x36bf,㚿,27
0x36c0,㛀,2
0x36c1,㛁,6
0x36c2,㛂,58
0x36c3,㛃,24
0x36c4,㛄,9
0x36c5,㛅,20
0x36c6,㛆,6
0x36c7,㛇,2
0x36c8,㛈,1
0x36cb,㛋,4
0x36cc,㛌,2
0x36cd,㛍,42
0x36ce,㛎,11
0x36cf,㛏,2
0x36d0,㛐,518
0x36d1,㛑,29
0x36d2,㛒,30
0x36d3,㛓,1
0x36d4,㛔,5
0x36d5,㛕,17
0x36d6,㛖,2
0x36d7,㛗,63
0x36d8,㛘,16
0x36d9,㛙,124
0x36da,㛚,11
0x36db,㛛,5
0x36dc,㛜,2
0x36dd,㛝,9
0x36de,㛞,6
0x36df,㛟,2
0x36e0,㛠,38
0x36e1,㛡,3
0x36e2,㛢,1
0x36e3,㛣,1
0x36e5,㛥,12
0x36e6,㛦,3
0x36e7,㛧,34
0x36e8,㛨,9
0x36e9,㛩,3
0x36ea,㛪,31
0x36eb,㛫,20
0x36ec,㛬,2
0x36ed,㛭,116
0x36ee,㛮,112
0x36ef,㛯,36
0x36f0,㛰,4641
0x36f1,㛱,24
0x36f2,㛲,20
0x36f3,㛳,7
0x36f4,㛴,58
0x36f5,㛵,10
0x36f6,㛶,8
0x36f7,㛷,5
0x36f8,㛸,2
0x36f9,㛹,505
0x36fa,㛺,30
0x36fb,㛻,5
0x36fc,㛼,11
0x36fd,㛽,1
0x36fe,㛾,2
0x36ff,㛿,5
0x3700,㜀,1
0x3701,㜁,1
0x3703,㜃,4
0x3704,㜄,8
0x3705,㜅,11
0x3706,㜆,22
0x3707,㜇,16
0x3708,㜈,201
0x3709,㜉,52
0x370a,㜊,11
0x370b,㜋,3
0x370c,㜌,15
0x370d,㜍,16
0x370e,㜎,37
0x370f,㜏,54
0x3710,㜐,5
0x3711,㜑,545
0x3712,㜒,2
0x3713,㜓,8
0x3715,㜕,212
0x3716,㜖,10
0x3717,㜗,22
0x3718,㜘,46
0x3719,㜙,9
0x371a,㜚,2
0x371b,㜛,26
0x371c,㜜,17
0x371d,㜝,38
0x371e,㜞,77
0x3720,㜠,5
0x3721,㜡,3
0x3722,㜢,7
0x3723,㜣,15
0x3724,㜤,18
0x3725,㜥,4
0x3726,㜦,5
0x3727,㜧,3
0x3728,㜨,6
0x3729,㜩,1
0x372a,㜪,238
0x372b,㜫,18
0x372c,㜬,1
0x372d,㜭,2
0x372e,㜮,57
0x372f,㜯,8
0x3730,㜰,18
0x3731,㜱,8
0x3732,㜲,94
0x3733,㜳,4
0x3734,㜴,7
0x3735,㜵,12
0x3736,㜶,33
0x3737,㜷,104
0x3738,㜸,586
0x3739,㜹,81
0x373a,㜺,10
0x373b,㜻,74
0x373c,㜼,10
0x373d,㜽,45
0x373e,㜾,12
0x373f,㜿,7
0x3740,㝀,5
0x3741,㝁,39
0x3742,㝂,9
0x3743,㝃,87
0x3744,㝄,2
0x3745,㝅,294
0x3747,㝇,4
0x3748,㝈,100
0x3749,㝉,546
0x374a,㝊,7
0x374b,㝋,28
0x374c,㝌,409
0x374d,㝍,6
0x374e,㝎,11388
0x374f,㝏,213
0x3750,㝐,66
0x3751,㝑,13
0x3752,㝒,15
0x3753,㝓,6
0x3754,㝔,137
0x3755,㝕,17
0x3756,㝖,12
0x3757,㝗,89
0x3758,㝘,4
0x3759,㝙,21
0x375a,㝚,1
0x375b,㝛,5380
0x375c,㝜,29
0x375d,㝝,84
0x375e,㝞,61
0x375f,㝟,83
0x3760,㝠,35865
0x3761,㝡,8304
0x3762,㝢,7970
0x3763,㝣,16
0x3764,㝤,19
0x3765,㝥,6
0x3766,㝦,7
0x3767,㝧,29
0x3768,㝨,358
0x3769,㝩,31
0x376a,㝪,16
0x376b,㝫,20
0x376c,㝬,1
0x376d,㝭,6
0x376e,㝮,153
0x376f,㝯,36
0x3770,㝰,51
0x3771,㝱,1986
0x3772,㝲,9
0x3773,㝳,2
0x3774,㝴,9
0x3775,㝵,817
0x3776,㝶,14
0x3777,㝷,10519
0x3778,㝸,23
0x3779,㝹,333
0x377a,㝺,7
0x377b,㝻,4
0x377c,㝼,16
0x377d,㝽,3
0x377e,㝾,34
0x377f,㝿,72
0x3780,㞀,2
0x3781,㞁,2
0x3782,㞂,11
0x3783,㞃,4
0x3784,㞄,5
0x3785,㞅,2
0x3786,㞆,10
0x3787,㞇,11
0x3788,㞈,2
0x3789,㞉,3
0x378a,㞊,6
0x378b,㞋,62
0x378c,㞌,3
0x378d,㞍,13
0x378e,㞎,14
0x378f,㞏,29
0x3790,㞐,1488
0x3791,㞑,115
0x3792,㞒,24
0x3793,㞓,42
0x3794,㞔,24
0x3795,㞕,415
0x3796,㞖,5
0x3797,㞗,1
0x3798,㞘,12
0x3799,㞙,14
0x379a,㞚,27
0x379b,㞛,6
0x379c,㞜,13
0x379d,㞝,1
0x379e,㞞,39
0x379f,㞟,23
0x37a0,㞠,9
0x37a1,㞡,81
0x37a2,㞢,2494
0x37a3,㞣,6
0x37a4,㞤,428
0x37a5,㞥,316
0x37a6,㞦,418
0x37a7,㞧,33
0x37a8,㞨,7
0x37a9,㞩,58
0x37aa,㞪,12
0x37ab,㞫,23
0x37ac,㞬,2
0x37ad,㞭,18
0x37ae,㞮,2
0x37af,㞯,87
0x37b0,㞰,47
0x37b1,㞱,25
0x37b2,㞲,5
0x37b3,㞳,45
0x37b4,㞴,33
0x37b5,㞵,42
0x37b6,㞶,70
0x37b7,㞷,91
0x37b8,㞸,2
0x37b9,㞹,34
0x37ba,㞺,28
0x37bb,㞻,2
0x37bc,㞼,57
0x37bd,㞽,4
0x37be,㞾,29
0x37bf,㞿,3
0x37c0,㟀,4
0x37c1,㟁,9415
0x37c2,㟂,24
0x37c3,㟃,94
0x37c4,㟄,24
0x37c5,㟅,262
0x37c6,㟆,1
0x37c7,㟇,5
0x37c8,㟈,5
0x37c9,㟉,8
0x37ca,㟊,4
0x37cb,㟋,37
0x37cc,㟌,14
0x37cd,㟍,192
0x37ce,㟎,63
0x37cf,㟏,431
0x37d0,㟐,58
0x37d1,㟑,6
0x37d2,㟒,42
0x37d3,㟓,22
0x37d4,㟔,10
0x37d6,㟖,2
0x37d7,㟗,18
0x37d8,㟘,2
0x37d9,㟙,259
0x37da,㟚,15
0x37db,㟛,9
0x37dc,㟜,3
0x37dd,㟝,118
0x37de,㟞,33
0x37df,㟟,28
0x37e0,㟠,73
0x37e1,㟡,221
0x37e2,㟢,235
0x37e4,㟤,21
0x37e5,㟥,8
0x37e6,㟦,98
0x37e7,㟧,887
0x37e8,㟨,22
0x37e9,㟩,10
0x37ea,㟪,431
0x37eb,㟫,8
0x37ec,㟬,12
0x37ed,㟭,284
0x37ee,㟮,29
0x37ef,㟯,68
0x37f0,㟰,14
0x37f2,㟲,20
0x37f3,㟳,38
0x37f4,㟴,73
0x37f5,㟵,23
0x37f6,㟶,47
0x37f7,㟷,12
0x37f8,㟸,14
0x37f9,㟹,53
0x37fa,㟺,38
0x37fb,㟻,19
0x37fc,㟼,247
0x37fd,㟽,191
0x37fe,㟾,16
0x37ff,㟿,42
0x3800,㠀,516
0x3801,㠁,230
0x3802,㠂,25
0x3803,㠃,2
0x3804,㠄,66
0x3805,㠅,9
0x3806,㠆,26
0x3807,㠇,6
0x3808,㠈,9
0x3809,㠉,74
0x380a,㠊,152
0x380b,㠋,711
0x380c,㠌,56
0x380d,㠍,390
0x380e,㠎,111
0x380f,㠏,58
0x3810,㠐,130
0x3811,㠑,599
0x3812,㠒,7
0x3813,㠓,224
0x3814,㠔,90
0x3815,㠕,47
0x3816,㠖,133
0x3817,㠗,409
0x3818,㠘,710
0x3819,㠙,24
0x381a,㠚,1
0x381b,㠛,25
0x381c,㠜,117
0x381d,㠝,807
0x381e,㠞,2
0x381f,㠟,11
0x3820,㠠,131
0x3821,㠡,4
0x3822,㠢,73
0x3823,㠣,41
0x3824,㠤,2
0x3825,㠥,135
0x3826,㠦,2
0x3827,㠧,28
0x3828,㠨,11
0x3829,㠩,28
0x382a,㠪,288
0x382d,㠭,166
0x382e,㠮,6
0x382f,㠯,47495
0x3831,㠱,81
0x3832,㠲,25
0x3833,㠳,11
0x3834,㠴,9
0x3835,㠵,29
0x3836,㠶,5960
0x3837,㠷,8
0x3838,㠸,22
0x3839,㠹,17
0x383a,㠺,27
0x383b,㠻,11
0x383c,㠼,10
0x383d,㠽,3
0x383e,㠾,286
0x383f,㠿,76
0x3840,㡀,55
0x3841,㡁,20
0x3842,㡂,35
0x3843,㡃,10
0x3844,㡄,5
0x3845,㡅,5
0x3846,㡆,31
0x3847,㡇,31
0x3848,㡈,11
0x3849,㡉,146
0x384a,㡊,57
0x384b,㡋,27
0x384c,㡌,7519
0x384d,㡍,4
0x384e,㡎,42
0x384f,㡏,12
0x3850,㡐,1
0x3851,㡑,12
0x3852,㡒,15
0x3853,㡓,221
0x3854,㡔,17
0x3855,㡕,9
0x3856,㡖,6
0x3857,㡗,47
0x3858,㡘,156
0x3859,㡙,19
0x385a,㡚,132
0x385b,㡛,420
0x385c,㡜,87
0x385d,㡝,4
0x385e,㡞,11
0x385f,㡟,12
0x3860,㡠,93
0x3861,㡡,247
0x3862,㡢,658
0x3863,㡣,161
0x3864,㡤,6
0x3865,㡥,10
0x3866,㡦,4
0x3867,㡧,286
0x3868,㡨,17
0x3869,㡩,247
0x386a,㡪,2
0x386b,㡫,4
0x386c,㡬,56784
0x386d,㡭,372
0x386e,㡮,9
0x386f,㡯,58
0x3870,㡰,3
0x3871,㡱,18
0x3872,㡲,9
0x3873,㡳,4842
0x3874,㡴,14
0x3875,㡵,8
0x3876,㡶,5
0x3877,㡷,8
0x3878,㡸,2
0x3879,㡹,22
0x387a,㡺,20
0x387b,㡻,7
0x387c,㡼,14
0x387d,㡽,23
0x387e,㡾,66
0x387f,㡿,229
0x3880,㢀,36
0x3881,㢁,42
0x3882,㢂,2
0x3883,㢃,5
0x3884,㢄,10
0x3885,㢅,6
0x3886,㢆,6
0x3887,㢇,1
0x3888,㢈,37
0x3889,㢉,13
0x388a,㢊,6
0x388b,㢋,108
0x388c,㢌,11
0x388d,㢍,25
0x388e,㢎,1
0x388f,㢏,29
0x3891,㢑,122
0x3892,㢒,17
0x3893,㢓,41
0x3894,㢔,32
0x3895,㢕,33
0x3896,㢖,6
0x3897,㢗,15
0x3898,㢘,18258
0x3899,㢙,189
0x389a,㢚,21
0x389b,㢛,12
0x389c,㢜,28
0x389d,㢝,191
0x389e,㢞,11
0x389f,㢟,272
0x38a0,㢠,1098
0x38a1,㢡,146
0x38a2,㢢,45
0x38a3,㢣,33
0x38a4,㢤,36432
0x38a5,㢥,41
0x38a6,㢦,25
0x38a7,㢧,134
0x38a8,㢨,20
0x38a9,㢩,70
0x38aa,㢪,6
0x38ab,㢫,1
0x38ac,㢬,10
0x38ad,㢭,53
0x38ae,㢮,2012
0x38af,㢯,30
0x38b0,㢰,46
0x38b1,㢱,2
0x38b2,㢲,12789
0x38b3,㢳,19
0x38b4,㢴,15
0x38b5,㢵,11
0x38b6,㢶,10
0x38b7,㢷,2
0x38b8,㢸,614
0x38b9,㢹,13
0x38ba,㢺,3
0x38bb,㢻,9
0x38bc,㢼,10
0x38bd,㢽,12
0x38be,㢾,11
0x38c0,㣀,7
0x38c1,㣁,3
0x38c2,㣂,7
0x38c3,㣃,21
0x38c4,㣄,1
0x38c5,㣅,19
0x38c6,㣆,28
0x38c7,㣇,155
0x38c8,㣈,28
0x38c9,㣉,24
0x38cb,㣋,4
0x38cc,㣌,6
0x38cd,㣍,3
0x38ce,㣎,29
0x38cf,㣏,36
0x38d0,㣐,6
0x38d1,㣑,14
0x38d2,㣒,14
0x38d3,㣓,24
0x38d4,㣔,46
0x38d5,㣕,7
0x38d6,㣖,1
0x38d7,㣗,46
0x38d8,㣘,233
0x38d9,㣙,73
0x38da,㣚,56
0x38db,㣛,28
0x38dc,㣜,4
0x38dd,㣝,17
0x38de,㣞,12
0x38df,㣟,39
0x38e0,㣠,13
0x38e1,㣡,3
0x38e2,㣢,7
0x38e3,㣣,89
0x38e4,㣤,16
0x38e5,㣥,101
0x38e6,㣦,4
0x38e7,㣧,2438
0x38e9,㣩,1
0x38ea,㣪,64
0x38eb,㣫,291
0x38ec,㣬,9
0x38ed,㣭,10
0x38ef,㣯,18
0x38f0,㣰,1
0x38f1,㣱,13
0x38f2,㣲,117489
0x38f3,㣳,4
0x38f4,㣴,3
0x38f5,㣵,5
0x38f6,㣶,223
0x38f7,㣷,7
0x38fa,㣺,94
0x38fb,㣻,146
0x38fc,㣼,45
0x38fd,㣽,22
0x38fe,㣾,7
0x38ff,㣿,22
0x3900,㤀,9612
0x3901,㤁,30
0x3902,㤂,42
0x3903,㤃,12
0x3904,㤄,120
0x3905,㤅,144
0x3906,㤆,7
0x3907,㤇,10
0x3908,㤈,11
0x3909,㤉,35
0x390a,㤊,13
0x390b,㤋,23
0x390c,㤌,1
0x390d,㤍,28
0x390e,㤎,14
0x390f,㤏,29
0x3910,㤐,14
0x3911,㤑,37
0x3912,㤒,24
0x3913,㤓,21
0x3914,㤔,3
0x3915,㤕,53
0x3916,㤖,7
0x3917,㤗,22036
0x3918,㤘,1
0x3919,㤙,14564
0x391a,㤚,3
0x391b,㤛,4
0x391c,㤜,64
0x391d,㤝,65
0x391e,㤞,142
0x391f,㤟,11
0x3920,㤠,32
0x3921,㤡,11
0x3922,㤢,28
0x3923,㤣,8
0x3924,㤤,11
0x3925,㤥,57
0x3926,㤦,16
0x3927,㤧,7
0x3928,㤨,59
0x3929,㤩,12
0x392a,㤪,313
0x392b,㤫,2
0x392c,㤬,5
0x392e,㤮,21
0x392f,㤯,31
0x3930,㤰,74
0x3931,㤱,13
0x3932,㤲,13
0x3933,㤳,4
0x3934,㤴,34
0x3935,㤵,9
0x3936,㤶,3
0x3937,㤷,1
0x3938,㤸,12
0x3939,㤹,4
0x393a,㤺,20
0x393b,㤻,10
0x393c,㤼,2
0x393e,㤾,12
0x393f,㤿,145
0x3940,㥀,61
0x3941,㥁,28
0x3942,㥂,7
0x3943,㥃,13
0x3944,㥄,905
0x3945,㥅,26
0x3946,㥆,17
0x3947,㥇,3
0x3948,㥈,8
0x3949,㥉,24
0x394a,㥊,11
0x394b,㥋,64
0x394c,㥌,7
0x394d,㥍,22
0x394e,㥎,57
0x394f,㥏,291
0x3950,㥐,13
0x3951,㥑,64
0x3952,㥒,8
0x3953,㥓,20
0x3954,㥔,4
0x3955,㥕,3
0x3956,㥖,2
0x3957,㥗,2
0x3958,㥘,4
0x395a,㥚,11
0x395b,㥛,67
0x395c,㥜,101
0x395d,㥝,12
0x395e,㥞,9
0x395f,㥟,7
0x3960,㥠,55
0x3962,㥢,12
0x3963,㥣,79
0x3964,㥤,3
0x3965,㥥,20
0x3966,㥦,209
0x3967,㥧,78
0x3968,㥨,5
0x3969,㥩,9
0x396a,㥪,15
0x396b,㥫,29
0x396c,㥬,12
0x396d,㥭,14
0x396e,㥮,16
0x396f,㥯,349
0x3970,㥰,11
0x3971,㥱,17
0x3972,㥲,18
0x3973,㥳,44
0x3974,㥴,20
0x3975,㥵,20
0x3976,㥶,65
0x3977,㥷,37
0x3978,㥸,16
0x397a,㥺,6
0x397b,㥻,4
0x397c,㥼,6
0x397d,㥽,142
0x397e,㥾,82
0x397f,㥿,14
0x3980,㦀,6
0x3981,㦁,29
0x3982,㦂,193
0x3983,㦃,29
0x3984,㦄,1363
0x3985,㦅,10
0x3986,㦆,12
0x3987,㦇,10
0x3988,㦈,2
0x3989,㦉,22
0x398a,㦊,6
0x398b,㦋,2
0x398c,㦌,13
0x398d,㦍,40
0x398e,㦎,301
0x398f,㦏,15
0x3990,㦐,31
0x3991,㦑,7
0x3992,㦒,35
0x3993,㦓,5
0x3994,㦔,6
0x3995,㦕,68
0x3996,㦖,12
0x3997,㦗,19
0x3998,㦘,48
0x3999,㦙,2
0x399a,㦚,13
0x399b,㦛,167
0x399c,㦜,27
0x399d,㦝,21
0x399e,㦞,7
0x399f,㦟,15
0x39a1,㦡,33
0x39a2,㦢,12
0x39a3,㦣,144
0x39a4,㦤,220
0x39a5,㦥,41
0x39a6,㦦,31
0x39a7,㦧,523
0x39a8,㦨,35
0x39a9,㦩,1
0x39aa,㦪,2
0x39ab,㦫,5
0x39ac,㦬,135
0x39ad,㦭,5
0x39ae,㦮,41
0x39af,㦯,11658
0x39b0,㦰,23
0x39b1,㦱,16
0x39b2,㦲,1845
0x39b3,㦳,23
0x39b4,㦴,25
0x39b5,㦵,10
0x39b6,㦶,8
0x39b7,㦷,304
0x39b8,㦸,28593
0x39b9,㦹,36
0x39ba,㦺,11
0x39bb,㦻,47
0x39bc,㦼,13
0x39bd,㦽,22
0x39be,㦾,11
0x39bf,㦿,28
0x39c0,㧀,11
0x39c1,㧁,209
0x39c2,㧂,7
0x39c3,㧃,41
0x39c4,㧄,11
0x39c5,㧅,4
0x39c6,㧆,12
0x39c7,㧇,27
0x39c8,㧈,18
0x39c9,㧉,11
0x39ca,㧊,21
0x39cb,㧋,23
0x39cc,㧌,8
0x39cd,㧍,59
0x39ce,㧎,29
0x39d0,㧐,2
0x39d1,㧑,6
0x39d2,㧒,23
0x39d3,㧓,243
0x39d4,㧔,5
0x39d5,㧕,99
0x39d6,㧖,340
0x39d7,㧗,69
0x39d8,㧘,88
0x39d9,㧙,265
0x39da,㧚,8
0x39dc,㧜,6
0x39dd,㧝,90
0x39de,㧞,51304
0x39e0,㧠,2
0x39e1,㧡,27
0x39e2,㧢,66
0x39e3,㧣,42
0x39e4,㧤,5
0x39e5,㧥,7
0x39e6,㧦,34
0x39e7,㧧,8
0x39e8,㧨,24
0x39ea,㧪,29
0x39eb,㧫,16
0x39ec,㧬,34
0x39ed,㧭,2
0x39ee,㧮,3
0x39ef,㧯,12
0x39f0,㧰,5
0x39f2,㧲,29
0x39f3,㧳,25
0x39f4,㧴,5
0x39f5,㧵,20
0x39f6,㧶,16
0x39f7,㧷,10
0x39f8,㧸,4
0x39f9,㧹,18
0x39fa,㧺,86
0x39fb,㧻,223
0x39fc,㧼,9
0x39fd,㧽,21
0x39fe,㧾,1388
0x39ff,㧿,21
0x3a00,㨀,89
0x3a01,㨁,23
0x3a02,㨂,1514
0x3a03,㨃,12
0x3a04,㨄,25
0x3a05,㨅,9
0x3a06,㨆,18
0x3a07,㨇,23
0x3a08,㨈,46
0x3a09,㨉,12
0x3a0a,㨊,19
0x3a0b,㨋,31
0x3a0c,㨌,15
0x3a0d,㨍,145
0x3a0e,㨎,516
0x3a0f,㨏,32
0x3a10,㨐,17
0x3a11,㨑,81
0x3a12,㨒,66
0x3a13,㨓,8
0x3a14,㨔,36
0x3a15,㨕,46
0x3a16,㨖,419
0x3a17,㨗,22644
0x3a19,㨙,12
0x3a1a,㨚,7
0x3a1b,㨛,35
0x3a1c,㨜,19
0x3a1d,㨝,26
0x3a1e,㨞,2
0x3a1f,㨟,17
0x3a20,㨠,4
0x3a21,㨡,17
0x3a22,㨢,13
0x3a23,㨣,2
0x3a24,㨤,6
0x3a25,㨥,7
0x3a26,㨦,8
0x3a27,㨧,8
0x3a28,㨨,72
0x3a2a,㨪,8
0x3a2b,㨫,3
0x3a2c,㨬,6
0x3a2d,㨭,25
0x3a2e,㨮,15
0x3a2f,㨯,15
0x3a30,㨰,12
0x3a31,㨱,15
0x3a32,㨲,6
0x3a33,㨳,2
0x3a34,㨴,3
0x3a35,㨵,44
0x3a36,㨶,214
0x3a37,㨷,57
0x3a39,㨹,25
0x3a3a,㨺,11
0x3a3b,㨻,22
0x3a3c,㨼,6
0x3a3d,㨽,23
0x3a3e,㨾,183
0x3a3f,㨿,12278
0x3a40,㩀,3580
0x3a41,㩁,3102
0x3a42,㩂,7
0x3a43,㩃,31
0x3a44,㩄,1
0x3a45,㩅,39
0x3a46,㩆,9
0x3a47,㩇,20
0x3a48,㩈,32
0x3a49,㩉,214
0x3a4a,㩊,32
0x3a4b,㩋,53
0x3a4c,㩌,67
0x3a4d,㩍,12
0x3a4e,㩎,77
0x3a4f,㩏,5
0x3a52,㩒,19
0x3a53,㩓,73
0x3a54,㩔,4
0x3a55,㩕,38
0x3a56,㩖,31
0x3a57,㩗,252
0x3a58,㩘,26
0x3a59,㩙,17
0x3a5a,㩚,8
0x3a5b,㩛,8
0x3a5c,㩜,813
0x3a5d,㩝,7
0x3a5e,㩞,17
0x3a5f,㩟,8
0x3a60,㩠,53
0x3a61,㩡,4
0x3a62,㩢,37
0x3a63,㩣,43
0x3a64,㩤,2
0x3a65,㩥,114
0x3a66,㩦,2379
0x3a67,㩧,347
0x3a68,㩨,3
0x3a69,㩩,5
0x3a6a,㩪,4
0x3a6b,㩫,7
0x3a6c,㩬,12
0x3a6d,㩭,1
0x3a6e,㩮,1
0x3a6f,㩯,2
0x3a70,㩰,4
0x3a71,㩱,16
0x3a72,㩲,672
0x3a73,㩳,148
0x3a74,㩴,100
0x3a75,㩵,46
0x3a76,㩶,20
0x3a77,㩷,8
0x3a78,㩸,15
0x3a79,㩹,4
0x3a7a,㩺,9
0x3a7b,㩻,391
0x3a7c,㩼,87
0x3a7d,㩽,74
0x3a7e,㩾,15
0x3a7f,㩿,5
0x3a80,㪀,2
0x3a81,㪁,23
0x3a82,㪂,1
0x3a83,㪃,12
0x3a84,㪄,5
0x3a85,㪅,3194
0x3a86,㪆,5
0x3a87,㪇,59
0x3a88,㪈,6
0x3a89,㪉,39
0x3a8a,㪊,15
0x3a8b,㪋,23
0x3a8c,㪌,18
0x3a8d,㪍,1214
0x3a8e,㪎,14
0x3a8f,㪏,14
0x3a90,㪐,9
0x3a91,㪑,11
0x3a92,㪒,23
0x3a93,㪓,4
0x3a94,㪔,140
0x3a95,㪕,103
0x3a96,㪖,11
0x3a97,㪗,16
0x3a98,㪘,80
0x3a99,㪙,15
0x3a9a,㪚,7787
0x3a9b,㪛,7
0x3a9c,㪜,26
0x3a9d,㪝,52
0x3a9e,㪞,2
0x3a9f,㪟,508
0x3aa0,㪠,5
0x3aa1,㪡,24
0x3aa2,㪢,13
0x3aa3,㪣,157
0x3aa4,㪤,51
0x3aa5,㪥,4
0x3aa6,㪦,13
0x3aa7,㪧,8
0x3aa8,㪨,6
0x3aa9,㪩,6
0x3aaa,㪪,8
0x3aab,㪫,25
0x3aac,㪬,33
0x3aad,㪭,8
0x3aae,㪮,3
0x3aaf,㪯,2968
0x3ab0,㪰,22
0x3ab1,㪱,63
0x3ab4,㪴,3
0x3ab5,㪵,6
0x3ab6,㪶,9
0x3ab7,㪷,2781
0x3ab8,㪸,10
0x3ab9,㪹,9
0x3aba,㪺,1275
0x3abb,㪻,39
0x3abc,㪼,25
0x3abd,㪽,831
0x3abe,㪾,8
0x3abf,㪿,6
0x3ac1,㫁,39831
0x3ac2,㫂,5
0x3ac3,㫃,646
0x3ac4,㫄,6607
0x3ac5,㫅,4
0x3ac6,㫆,2
0x3ac8,㫈,1
0x3ac9,㫉,1
0x3aca,㫊,182
0x3acb,㫋,2013
0x3acc,㫌,7
0x3acd,㫍,14
0x3ace,㫎,12
0x3acf,㫏,9
0x3ad0,㫐,59
0x3ad1,㫑,31
0x3ad2,㫒,513
0x3ad3,㫓,7
0x3ad4,㫔,5
0x3ad5,㫕,23
0x3ad6,㫖,222017
0x3ad7,㫗,7
0x3ad8,㫘,26
0x3ad9,㫙,81
0x3ada,㫚,65
0x3adb,㫛,7
0x3adc,㫜,18
0x3add,㫝,62
0x3ade,㫞,6
0x3adf,㫟,2
0x3ae0,㫠,3
0x3ae1,㫡,4
0x3ae2,㫢,11
0x3ae3,㫣,80
0x3ae4,㫤,2813
0x3ae5,㫥,100
0x3ae6,㫦,77
0x3ae7,㫧,22
0x3ae8,㫨,7
0x3ae9,㫩,7
0x3aea,㫪,413
0x3aeb,㫫,67
0x3aec,㫬,67
0x3aed,㫭,17
0x3aee,㫮,135
0x3aef,㫯,16
0x3af0,㫰,153
0x3af1,㫱,11
0x3af2,㫲,35
0x3af3,㫳,27
0x3af4,㫴,2
0x3af5,㫵,4
0x3af6,㫶,59
0x3af7,㫷,139
0x3af8,㫸,31
0x3af9,㫹,25
0x3afa,㫺,2993
0x3afb,㫻,53
0x3afc,㫼,66
0x3afd,㫽,14
0x3afe,㫾,4
0x3aff,㫿,94
0x3b00,㬀,8
0x3b01,㬁,9
0x3b02,㬂,58
0x3b03,㬃,8
0x3b04,㬄,24
0x3b05,㬅,847
0x3b06,㬆,25
0x3b07,㬇,455
0x3b08,㬈,48
0x3b09,㬉,909
0x3b0a,㬊,997
0x3b0b,㬋,1535
0x3b0c,㬌,902
0x3b0d,㬍,2
0x3b0e,㬎,490
0x3b0f,㬏,1
0x3b10,㬐,20
0x3b11,㬑,17
0x3b12,㬒,35
0x3b13,㬓,68
0x3b14,㬔,46
0x3b15,㬕,3
0x3b17,㬗,23
0x3b18,㬘,2
0x3b19,㬙,21
0x3b1a,㬚,59
0x3b1b,㬛,10
0x3b1c,㬜,307
0x3b1d,㬝,11
0x3b1e,㬞,4
0x3b20,㬠,683
0x3b21,㬡,6
0x3b22,㬢,259
0x3b23,㬣,55
0x3b24,㬤,9
0x3b25,㬥,4824
0x3b26,㬦,34
0x3b27,㬧,36
0x3b28,㬨,8
0x3b29,㬩,8
0x3b2a,㬪,620
0x3b2b,㬫,12
0x3b2c,㬬,14
0x3b2d,㬭,117
0x3b2e,㬮,39
0x3b30,㬰,6855
0x3b31,㬱,362
0x3b32,㬲,7
0x3b33,㬳,9
0x3b34,㬴,1
0x3b35,㬵,1
0x3b36,㬶,16
0x3b37,㬷,49
0x3b38,㬸,2
0x3b39,㬹,39
0x3b3a,㬺,96
0x3b3b,㬻,81
0x3b3c,㬼,1
0x3b3d,㬽,21
0x3b3e,㬾,9
0x3b3f,㬿,12
0x3b40,㭀,1
0x3b41,㭁,25
0x3b42,㭂,7
0x3b43,㭃,10
0x3b44,㭄,29
0x3b45,㭅,4
0x3b46,㭆,11
0x3b47,㭇,21
0x3b48,㭈,33
0x3b49,㭉,51
0x3b4a,㭊,1097
0x3b4b,㭋,18
0x3b4c,㭌,7
0x3b4d,㭍,11490
0x3b4e,㭎,1
0x3b50,㭐,6
0x3b51,㭑,28
0x3b52,㭒,120
0x3b53,㭓,18
0x3b54,㭔,16
0x3b55,㭕,19
0x3b56,㭖,44
0x3b57,㭗,4
0x3b58,㭘,46
0x3b59,㭙,77
0x3b5a,㭚,7
0x3b5b,㭛,14
0x3b5c,㭜,15
0x3b5d,㭝,24
0x3b5e,㭞,2
0x3b5f,㭟,53
0x3b60,㭠,15
0x3b61,㭡,17
0x3b62,㭢,3
0x3b64,㭤,1
0x3b66,㭦,12
0x3b67,㭧,2
0x3b68,㭨,97
0x3b69,㭩,24
0x3b6a,㭪,83
0x3b6b,㭫,14
0x3b6c,㭬,883
0x3b6d,㭭,14
0x3b6e,㭮,2
0x3b6f,㭯,28
0x3b70,㭰,61
0x3b71,㭱,101
0x3b72,㭲,37
0x3b76,㭶,7
0x3b78,㭸,4
0x3b79,㭹,5
0x3b7a,㭺,30
0x3b7b,㭻,5
0x3b7c,㭼,58
0x3b7d,㭽,4
0x3b7e,㭾,18
0x3b7f,㭿,452
0x3b80,㮀,12
0x3b81,㮁,37
0x3b82,㮂,23
0x3b83,㮃,38
0x3b84,㮄,2890
0x3b85,㮅,3
0x3b86,㮆,15
0x3b87,㮇,295
0x3b88,㮈,195
0x3b8a,㮊,144
0x3b8b,㮋,36
0x3b8c,㮌,14
0x3b8d,㮍,19
0x3b8e,㮎,26
0x3b8f,㮏,242
0x3b90,㮐,10
0x3b91,㮑,12
0x3b92,㮒,47
0x3b93,㮓,24
0x3b94,㮔,49
0x3b95,㮕,171
0x3b96,㮖,36
0x3b97,㮗,14
0x3b98,㮘,13
0x3b99,㮙,215
0x3b9a,㮚,3026
0x3b9b,㮛,48
0x3b9c,㮜,3
0x3b9d,㮝,10
0x3b9e,㮞,36
0x3b9f,㮟,6
0x3ba0,㮠,3
0x3ba1,㮡,12
0x3ba2,㮢,6
0x3ba3,㮣,6055
0x3ba4,㮤,178
0x3ba5,㮥,13
0x3ba6,㮦,13
0x3ba7,㮧,38
0x3ba8,㮨,110
0x3ba9,㮩,11
0x3baa,㮪,14
0x3bab,㮫,10
0x3bac,㮬,22
0x3bad,㮭,5
0x3bae,㮮,464
0x3baf,㮯,33
0x3bb0,㮰,568
0x3bb1,㮱,1
0x3bb2,㮲,19
0x3bb3,㮳,11
0x3bb4,㮴,64
0x3bb5,㮵,103
0x3bb6,㮶,207
0x3bb7,㮷,22
0x3bb8,㮸,3
0x3bb9,㮹,43
0x3bba,㮺,7
0x3bbb,㮻,22
0x3bbc,㮼,5
0x3bbd,㮽,13
0x3bbe,㮾,1
0x3bbf,㮿,24
0x3bc0,㯀,7
0x3bc2,㯂,13
0x3bc3,㯃,140
0x3bc4,㯄,7
0x3bc5,㯅,27
0x3bc6,㯆,11
0x3bc7,㯇,13
0x3bc8,㯈,32
0x3bc9,㯉,160
0x3bca,㯊,20
0x3bcb,㯋,260
0x3bcc,㯌,18
0x3bcd,㯍,25
0x3bce,㯎,1
0x3bcf,㯏,221
0x3bd0,㯐,61
0x3bd3,㯓,56
0x3bd4,㯔,20
0x3bd5,㯕,103
0x3bd6,㯖,3
0x3bd7,㯗,14
0x3bd8,㯘,10
0x3bd9,㯙,26
0x3bda,㯚,6
0x3bdb,㯛,10
0x3bdc,㯜,3
0x3bdd,㯝,31
0x3bde,㯞,8
0x3bdf,㯟,33
0x3be0,㯠,16
0x3be1,㯡,2
0x3be2,㯢,32
0x3be3,㯣,8
0x3be4,㯤,27
0x3be5,㯥,45
0x3be6,㯦,218
0x3be7,㯧,2
0x3be8,㯨,11
0x3be9,㯩,6
0x3bea,㯪,11
0x3beb,㯫,40
0x3bec,㯬,28
0x3bed,㯭,341
0x3bee,㯮,25
0x3bef,㯯,16
0x3bf0,㯰,25
0x3bf1,㯱,947
0x3bf2,㯲,53
0x3bf3,㯳,187
0x3bf4,㯴,1
0x3bf5,㯵,2
0x3bf6,㯶,2398
0x3bf7,㯷,15
0x3bf8,㯸,14
0x3bf9,㯹,391
0x3bfa,㯺,294
0x3bfb,㯻,77
0x3bfc,㯼,21
0x3bfd,㯽,3598
0x3bfe,㯾,6
0x3bff,㯿,39
0x3c00,㰀,5
0x3c01,㰁,17
0x3c02,㰂,168
0x3c03,㰃,14
0x3c04,㰄,9
0x3c05,㰅,54
0x3c06,㰆,4
0x3c07,㰇,56
0x3c08,㰈,14
0x3c09,㰉,5
0x3c0a,㰊,7
0x3c0b,㰋,30
0x3c0c,㰌,24
0x3c0d,㰍,199
0x3c0e,㰎,98
0x3c0f,㰏,23
0x3c10,㰐,10
0x3c11,㰑,9
0x3c12,㰒,14
0x3c13,㰓,7
0x3c14,㰔,6
0x3c15,㰕,94
0x3c16,㰖,760
0x3c17,㰗,21
0x3c18,㰘,41
0x3c19,㰙,142
0x3c1a,㰚,127
0x3c1b,㰛,5
0x3c1c,㰜,1
0x3c1d,㰝,49
0x3c1e,㰞,25
0x3c1f,㰟,5
0x3c20,㰠,153
0x3c21,㰡,2
0x3c22,㰢,38
0x3c23,㰣,15
0x3c24,㰤,357
0x3c25,㰥,42
0x3c26,㰦,213
0x3c27,㰧,5
0x3c28,㰨,14
0x3c29,㰩,17
0x3c2a,㰪,21
0x3c2b,㰫,19
0x3c2c,㰬,17
0x3c2d,㰭,7
0x3c2e,㰮,9
0x3c2f,㰯,17
0x3c30,㰰,14
0x3c31,㰱,2537
0x3c32,㰲,12
0x3c33,㰳,34
0x3c34,㰴,53
0x3c35,㰵,3
0x3c36,㰶,17
0x3c37,㰷,10
0x3c38,㰸,178
0x3c39,㰹,53
0x3c3a,㰺,7
0x3c3b,㰻,18
0x3c3c,㰼,32
0x3c3d,㰽,5
0x3c3e,㰾,33
0x3c3f,㰿,2
0x3c40,㱀,24
0x3c41,㱁,64
0x3c42,㱂,38
0x3c43,㱃,513
0x3c44,㱄,16
0x3c45,㱅,2
0x3c46,㱆,61
0x3c47,㱇,67
0x3c48,㱈,15
0x3c49,㱉,43
0x3c4a,㱊,17
0x3c4b,㱋,83
0x3c4c,㱌,3
0x3c4d,㱍,9
0x3c4e,㱎,15
0x3c4f,㱏,27
0x3c51,㱑,18
0x3c52,㱒,24
0x3c54,㱔,603
0x3c55,㱕,26435
0x3c56,㱖,8
0x3c57,㱗,6
0x3c58,㱘,84
0x3c59,㱙,90
0x3c5a,㱚,15
0x3c5b,㱛,1
0x3c5c,㱜,10
0x3c5e,㱞,11
0x3c5f,㱟,30
0x3c60,㱠,20
0x3c61,㱡,49
0x3c62,㱢,1
0x3c63,㱣,88
0x3c64,㱤,24
0x3c65,㱥,48
0x3c66,㱦,18
0x3c67,㱧,9
0x3c68,㱨,19
0x3c6a,㱪,63
0x3c6b,㱫,3
0x3c6c,㱬,51
0x3c6d,㱭,8
0x3c6e,㱮,1
0x3c6f,㱯,15
0x3c70,㱰,5
0x3c71,㱱,10
0x3c72,㱲,83
0x3c73,㱳,24
0x3c74,㱴,23
0x3c75,㱵,14
0x3c76,㱶,14
0x3c78,㱸,18
0x3c79,㱹,5
0x3c7a,㱺,33
0x3c7b,㱻,18
0x3c7c,㱼,100
0x3c7d,㱽,22
0x3c7e,㱾,66
0x3c7f,㱿,298
0x3c80,㲀,19
0x3c81,㲁,20
0x3c82,㲂,28
0x3c83,㲃,30
0x3c84,㲄,1175
0x3c85,㲅,6
0x3c86,㲆,4
0x3c87,㲇,9
0x3c88,㲈,554
0x3c89,㲉,1241
0x3c8a,㲊,3
0x3c8b,㲋,187
0x3c8c,㲌,12
0x3c8d,㲍,9
0x3c8e,㲎,14
0x3c8f,㲏,10
0x3c92,㲒,12
0x3c93,㲓,13
0x3c94,㲔,16
0x3c95,㲕,10
0x3c96,㲖,44
0x3c97,㲗,13
0x3c98,㲘,28
0x3c99,㲙,4
0x3c9a,㲚,102
0x3c9b,㲛,4
0x3c9c,㲜,40
0x3c9d,㲝,74
0x3c9e,㲞,17
0x3c9f,㲟,16
0x3ca0,㲠,36
0x3ca1,㲡,19
0x3ca2,㲢,18
0x3ca3,㲣,149
0x3ca5,㲥,23
0x3ca6,㲦,17
0x3ca7,㲧,5
0x3ca8,㲨,70
0x3ca9,㲩,28
0x3caa,㲪,599
0x3cab,㲫,5
0x3cac,㲬,7
0x3cad,㲭,6
0x3cae,㲮,6
0x3caf,㲯,10
0x3cb0,㲰,104
0x3cb1,㲱,10
0x3cb2,㲲,1073
0x3cb3,㲳,10
0x3cb5,㲵,2
0x3cb8,㲸,1
0x3cb9,㲹,120
0x3cba,㲺,27
0x3cbb,㲻,159
0x3cbc,㲼,352
0x3cbd,㲽,16
0x3cbe,㲾,27
0x3cc0,㳀,7
0x3cc1,㳁,56
0x3cc2,㳂,9033
0x3cc3,㳃,63
0x3cc4,㳄,635
0x3cc5,㳅,686
0x3cc6,㳆,11
0x3cc7,㳇,15
0x3cc8,㳈,11
0x3cc9,㳉,4
0x3cca,㳊,41
0x3ccb,㳋,25
0x3ccc,㳌,103
0x3ccd,㳍,55
0x3cce,㳎,67
0x3ccf,㳏,308
0x3cd0,㳐,15
0x3cd1,㳑,18
0x3cd2,㳒,1934
0x3cd3,㳓,13
0x3cd4,㳔,16
0x3cd5,㳕,13
0x3cd6,㳖,9
0x3cd7,㳗,12
0x3cd8,㳘,79
0x3cd9,㳙,5894
0x3cda,㳚,30
0x3cdb,㳛,94
0x3cdc,㳜,11
0x3cdd,㳝,21
0x3cde,㳞,15
0x3cdf,㳟,9658
0x3ce3,㳣,1
0x3ce4,㳤,717
0x3ce5,㳥,28
0x3ce6,㳦,45
0x3ce7,㳧,17
0x3ce8,㳨,17
0x3ce9,㳩,6
0x3cea,㳪,1
0x3ceb,㳫,889
0x3cec,㳬,63
0x3ced,㳭,14
0x3cee,㳮,2
0x3cef,㳯,40
0x3cf0,㳰,10
0x3cf2,㳲,1
0x3cf3,㳳,13
0x3cf4,㳴,4
0x3cf5,㳵,10
0x3cf6,㳶,13
0x3cf7,㳷,36
0x3cf8,㳸,6
0x3cf9,㳹,13
0x3cfa,㳺,17890
0x3cfb,㳻,26
0x3cfc,㳼,7
0x3cfd,㳽,135
0x3cfe,㳾,10
0x3cff,㳿,254
0x3d00,㴀,249
0x3d01,㴁,3
0x3d02,㴂,19
0x3d03,㴃,6
0x3d04,㴄,7
0x3d05,㴅,1
0x3d06,㴆,34
0x3d07,㴇,10
0x3d08,㴈,6
0x3d09,㴉,77
0x3d0a,㴊,18
0x3d0b,㴋,14
0x3d0c,㴌,1
0x3d0d,㴍,3
0x3d0e,㴎,27
0x3d0f,㴏,1
0x3d10,㴐,128
0x3d11,㴑,408
0x3d12,㴒,19
0x3d13,㴓,19
0x3d14,㴔,64
0x3d15,㴕,13
0x3d16,㴖,11
0x3d17,㴗,22
0x3d18,㴘,83
0x3d19,㴙,13
0x3d1a,㴚,53
0x3d1b,㴛,6
0x3d1c,㴜,31
0x3d1d,㴝,237
0x3d1e,㴞,661
0x3d1f,㴟,25
0x3d20,㴠,2238
0x3d21,㴡,2
0x3d25,㴥,27
0x3d26,㴦,23
0x3d27,㴧,9
0x3d28,㴨,25
0x3d29,㴩,686
0x3d2a,㴪,1
0x3d2b,㴫,35
0x3d2c,㴬,51
0x3d2d,㴭,45
0x3d2e,㴮,3
0x3d2f,㴯,30
0x3d30,㴰,14
0x3d31,㴱,23569
0x3d32,㴲,91
0x3d33,㴳,8
0x3d34,㴴,19
0x3d35,㴵,21
0x3d36,㴶,876
0x3d37,㴷,2
0x3d38,㴸,96
0x3d39,㴹,5
0x3d3a,㴺,2
0x3d3b,㴻,1015
0x3d3c,㴼,17
0x3d3d,㴽,16
0x3d3e,㴾,124
0x3d3f,㴿,23
0x3d40,㵀,2
0x3d41,㵁,10
0x3d42,㵂,28
0x3d43,㵃,15
0x3d44,㵄,22
0x3d45,㵅,5
0x3d46,㵆,35
0x3d49,㵉,1
0x3d4a,㵊,11
0x3d4b,㵋,124
0x3d4c,㵌,82
0x3d4d,㵍,9
0x3d4e,㵎,1609
0x3d4f,㵏,8
0x3d50,㵐,170
0x3d51,㵑,10
0x3d52,㵒,251
0x3d53,㵓,18
0x3d54,㵔,2
0x3d55,㵕,174
0x3d56,㵖,5
0x3d57,㵗,43
0x3d58,㵘,12
0x3d59,㵙,2
0x3d5a,㵚,48
0x3d5b,㵛,16
0x3d5d,㵝,217
0x3d5e,㵞,23
0x3d5f,㵟,31
0x3d60,㵠,9
0x3d61,㵡,4
0x3d62,㵢,19
0x3d63,㵣,104
0x3d64,㵤,2
0x3d65,㵥,10
0x3d66,㵦,19
0x3d67,㵧,91
0x3d68,㵨,10
0x3d69,㵩,37
0x3d6a,㵪,36
0x3d6b,㵫,90
0x3d6c,㵬,22
0x3d6d,㵭,3
0x3d6e,㵮,8
0x3d6f,㵯,321
0x3d70,㵰,34
0x3d71,㵱,115
0x3d72,㵲,231
0x3d73,㵳,325
0x3d74,㵴,12
0x3d75,㵵,36
0x3d76,㵶,5
0x3d77,㵷,14
0x3d78,㵸,443
0x3d79,㵹,18
0x3d7a,㵺,14
0x3d7b,㵻,1
0x3d7c,㵼,11705
0x3d7d,㵽,35
0x3d7e,㵾,225
0x3d7f,㵿,279
0x3d80,㶀,72
0x3d81,㶁,1806
0x3d82,㶂,2
0x3d84,㶄,46
0x3d85,㶅,33
0x3d86,㶆,26
0x3d87,㶇,144
0x3d88,㶈,1
0x3d89,㶉,11
0x3d8a,㶊,21
0x3d8c,㶌,155
0x3d8d,㶍,26
0x3d8e,㶎,12
0x3d8f,㶏,821
0x3d90,㶐,6
0x3d91,㶑,2255
0x3d92,㶒,46
0x3d93,㶓,2
0x3d94,㶔,39
0x3d95,㶕,57
0x3d96,㶖,32
0x3d97,㶗,7
0x3d98,㶘,9
0x3d9a,㶚,733
0x3d9b,㶛,10
0x3d9c,㶜,5
0x3d9e,㶞,34
0x3d9f,㶟,274
0x3da0,㶠,15
0x3da1,㶡,50
0x3da2,㶢,16
0x3da3,㶣,141
0x3da4,㶤,3
0x3da5,㶥,4
0x3da6,㶦,8
0x3da7,㶧,18
0x3da8,㶨,25
0x3da9,㶩,1
0x3daa,㶪,31
0x3dab,㶫,13
0x3dac,㶬,4
0x3dad,㶭,3
0x3dae,㶮,2
0x3daf,㶯,2
0x3db0,㶰,1
0x3db3,㶳,149
0x3db4,㶴,21
0x3db5,㶵,9
0x3db7,㶷,72
0x3db8,㶸,46
0x3db9,㶹,6
0x3dba,㶺,6
0x3dbb,㶻,19
0x3dbc,㶼,90
0x3dbd,㶽,11
0x3dbe,㶾,40
0x3dbf,㶿,119
0x3dc0,㷀,6692
0x3dc1,㷁,1
0x3dc2,㷂,108
0x3dc3,㷃,11
0x3dc4,㷄,31
0x3dc5,㷅,142
0x3dc6,㷆,249
0x3dc7,㷇,13
0x3dc8,㷈,25
0x3dc9,㷉,18
0x3dca,㷊,312
0x3dcb,㷋,8
0x3dcc,㷌,153
0x3dcd,㷍,36
0x3dce,㷎,17
0x3dcf,㷏,28
0x3dd0,㷐,23
0x3dd1,㷑,65
0x3dd2,㷒,25
0x3dd3,㷓,31
0x3dd4,㷔,456
0x3dd5,㷕,2
0x3dd6,㷖,86
0x3dd7,㷗,3
0x3dd8,㷘,2
0x3dd9,㷙,2
0x3dda,㷚,1
0x3ddb,㷛,1
0x3ddc,㷜,6
0x3dde,㷞,2
0x3ddf,㷟,7
0x3de0,㷠,29
0x3de1,㷡,51
0x3de2,㷢,10
0x3de3,㷣,8
0x3de4,㷤,8
0x3de5,㷥,2
0x3de6,㷦,16
0x3de8,㷨,3
0x3de9,㷩,47
0x3dea,㷪,7
0x3deb,㷫,112
0x3dec,㷬,24
0x3ded,㷭,426
0x3dee,㷮,164
0x3def,㷯,4
0x3df0,㷰,13
0x3df1,㷱,232
0x3df2,㷲,15
0x3df3,㷳,18
0x3df4,㷴,2
0x3df5,㷵,7
0x3df6,㷶,21
0x3df7,㷷,22
0x3df8,㷸,73
0x3df9,㷹,3
0x3dfb,㷻,2
0x3dfc,㷼,388
0x3dfd,㷽,8
0x3dfe,㷾,12
0x3dff,㷿,20
0x3e00,㸀,20
0x3e01,㸁,138
0x3e02,㸂,32
0x3e03,㸃,128742
0x3e04,㸄,3
0x3e05,㸅,384
0x3e07,㸇,14
0x3e08,㸈,41
0x3e09,㸉,6
0x3e0a,㸊,4
0x3e0b,㸋,79
0x3e0c,㸌,633
0x3e0d,㸍,5
0x3e0e,㸎,18
0x3e0f,㸏,57
0x3e10,㸐,450
0x3e11,㸑,4403
0x3e12,㸒,22
0x3e13,㸓,16
0x3e14,㸔,52759
0x3e15,㸕,1
0x3e16,㸖,8
0x3e17,㸗,1
0x3e18,㸘,17
0x3e19,㸙,155
0x3e1a,㸚,66
0x3e1b,㸛,12
0x3e1c,㸜,3
0x3e1d,㸝,27
0x3e1e,㸞,5
0x3e1f,㸟,3
0x3e20,㸠,6
0x3e21,㸡,19
0x3e22,㸢,9
0x3e23,㸣,16
0x3e24,㸤,94
0x3e25,㸥,6
0x3e26,㸦,632
0x3e27,㸧,2
0x3e28,㸨,5
0x3e29,㸩,3
0x3e2a,㸪,7
0x3e2b,㸫,7
0x3e2c,㸬,12
0x3e2d,㸭,5
0x3e2e,㸮,9
0x3e2f,㸯,1
0x3e30,㸰,19
0x3e31,㸱,1
0x3e32,㸲,96
0x3e33,㸳,14
0x3e35,㸵,9
0x3e36,㸶,2
0x3e37,㸷,45
0x3e38,㸸,65
0x3e39,㸹,79
0x3e3a,㸺,14
0x3e3b,㸻,3
0x3e3c,㸼,19
0x3e3d,㸽,18
0x3e3e,㸾,2
0x3e3f,㸿,1
0x3e40,㹀,380
0x3e41,㹁,20
0x3e42,㹂,27
0x3e43,㹃,54
0x3e44,㹄,30
0x3e45,㹅,172
0x3e46,㹆,3
0x3e47,㹇,8
0x3e48,㹈,82
0x3e49,㹉,8
0x3e4a,㹊,26
0x3e4b,㹋,18
0x3e4c,㹌,52
0x3e4d,㹍,15
0x3e4e,㹎,17
0x3e4f,㹏,11
0x3e50,㹐,3
0x3e51,㹑,35
0x3e52,㹒,9
0x3e53,㹓,5
0x3e54,㹔,26
0x3e55,㹕,309
0x3e56,㹖,58
0x3e57,㹗,17
0x3e58,㹘,1
0x3e59,㹙,14
0x3e5a,㹚,4
0x3e5b,㹛,23
0x3e5c,㹜,40
0x3e5d,㹝,15
0x3e5e,㹞,225
0x3e5f,㹟,18
0x3e60,㹠,1643
0x3e61,㹡,14
0x3e62,㹢,21
0x3e63,㹣,12
0x3e64,㹤,60
0x3e65,㹥,42
0x3e66,㹦,14
0x3e67,㹧,6
0x3e68,㹨,153
0x3e69,㹩,1
0x3e6a,㹪,179
0x3e6b,㹫,17
0x3e6c,㹬,7
0x3e6d,㹭,12
0x3e6e,㹮,90
0x3e6f,㹯,10
0x3e71,㹱,80
0x3e72,㹲,17
0x3e73,㹳,20
0x3e74,㹴,3
0x3e75,㹵,7
0x3e76,㹶,49
0x3e78,㹸,119
0x3e79,㹹,5
0x3e7a,㹺,7
0x3e7b,㹻,21
0x3e7c,㹼,16
0x3e7d,㹽,10
0x3e7e,㹾,13
0x3e7f,㹿,21
0x3e80,㺀,3
0x3e81,㺁,1
0x3e82,㺂,62
0x3e83,㺃,49
0x3e84,㺄,693
0x3e85,㺅,631
0x3e87,㺇,12
0x3e88,㺈,9
0x3e89,㺉,7
0x3e8a,㺊,78
0x3e8b,㺋,3
0x3e8c,㺌,24
0x3e8e,㺎,40
0x3e8f,㺏,16
0x3e90,㺐,160
0x3e91,㺑,248
0x3e92,㺒,246
0x3e93,㺓,20
0x3e94,㺔,6
0x3e95,㺕,23
0x3e96,㺖,11
0x3e97,㺗,18
0x3e98,㺘,6
0x3e9a,㺚,4
0x3e9b,㺛,6
0x3e9c,㺜,283
0x3e9d,㺝,21
0x3e9e,㺞,3
0x3e9f,㺟,31
0x3ea0,㺠,33
0x3ea1,㺡,35
0x3ea3,㺣,10
0x3ea4,㺤,5
0x3ea5,㺥,27
0x3ea6,㺦,61
0x3ea7,㺧,16
0x3ea8,㺨,26
0x3ea9,㺩,10
0x3eaa,㺪,19
0x3eab,㺫,12
0x3eac,㺬,44
0x3ead,㺭,11
0x3eae,㺮,14
0x3eaf,㺯,3005
0x3eb0,㺰,9
0x3eb1,㺱,36
0x3eb2,㺲,24
0x3eb3,㺳,19
0x3eb4,㺴,3
0x3eb5,㺵,23
0x3eb6,㺶,1
0x3eb7,㺷,41
0x3eb8,㺸,3
0x3eb9,㺹,87
0x3eba,㺺,17
0x3ebc,㺼,11
0x3ebd,㺽,17
0x3ebe,㺾,15
0x3ebf,㺿,12
0x3ec0,㻀,20
0x3ec1,㻁,40
0x3ec2,㻂,39
0x3ec3,㻃,7
0x3ec4,㻄,2
0x3ec6,㻆,75
0x3ec7,㻇,3
0x3ec8,㻈,36
0x3ec9,㻉,5
0x3eca,㻊,16
0x3ecb,㻋,54
0x3ecc,㻌,180
0x3ecd,㻍,58
0x3ece,㻎,26
0x3ecf,㻏,6
0x3ed0,㻐,15
0x3ed1,㻑,29
0x3ed2,㻒,20
0x3ed3,㻓,10
0x3ed4,㻔,9
0x3ed5,㻕,54
0x3ed6,㻖,6
0x3ed7,㻗,18
0x3ed8,㻘,1
0x3ed9,㻙,24
0x3eda,㻚,28
0x3edb,㻛,324
0x3edc,㻜,18
0x3edd,㻝,42
0x3ede,㻞,692
0x3edf,㻟,7
0x3ee0,㻠,37
0x3ee1,㻡,63
0x3ee2,㻢,3
0x3ee3,㻣,26
0x3ee5,㻥,3
0x3ee6,㻦,18
0x3ee7,㻧,34
0x3ee8,㻨,17
0x3ee9,㻩,5
0x3eea,㻪,7
0x3eeb,㻫,157
0x3eec,㻬,270
0x3eed,㻭,8
0x3eee,㻮,176
0x3eef,㻯,17
0x3ef0,㻰,11
0x3ef1,㻱,34
0x3ef2,㻲,23
0x3ef4,㻴,113
0x3ef5,㻵,3
0x3ef6,㻶,32
0x3ef7,㻷,22
0x3ef8,㻸,40
0x3efa,㻺,97
0x3efb,㻻,10
0x3efc,㻼,6
0x3efd,㻽,27
0x3efe,㻾,41
0x3eff,㻿,9
0x3f00,㼀,11
0x3f01,㼁,27
0x3f02,㼂,49
0x3f03,㼃,13
0x3f04,㼄,9
0x3f05,㼅,26
0x3f06,㼆,11
0x3f07,㼇,13
0x3f08,㼈,13
0x3f09,㼉,3
0x3f0a,㼊,2
0x3f0b,㼋,16
0x3f0c,㼌,25
0x3f0d,㼍,53
0x3f0e,㼎,29
0x3f0f,㼏,8
0x3f10,㼐,248
0x3f11,㼑,48
0x3f12,㼒,5
0x3f13,㼓,3
0x3f14,㼔,17
0x3f15,㼕,49
0x3f16,㼖,12
0x3f17,㼗,7
0x3f18,㼘,6
0x3f19,㼙,4
0x3f1a,㼚,52
0x3f1b,㼛,73
0x3f1c,㼜,89
0x3f1d,㼝,19
0x3f1e,㼞,27
0x3f1f,㼟,17
0x3f20,㼠,5
0x3f21,㼡,32
0x3f22,㼢,8
0x3f23,㼣,21
0x3f24,㼤,7
0x3f25,㼥,5
0x3f26,㼦,4
0x3f27,㼧,170
0x3f28,㼨,30
0x3f29,㼩,2
0x3f2a,㼪,9
0x3f2b,㼫,5
0x3f2c,㼬,22
0x3f2d,㼭,22
0x3f2e,㼮,15
0x3f2f,㼯,8
0x3f30,㼰,26
0x3f31,㼱,65
0x3f32,㼲,29
0x3f33,㼳,18
0x3f34,㼴,32
0x3f35,㼵,18
0x3f36,㼶,33
0x3f37,㼷,14
0x3f38,㼸,21
0x3f39,㼹,21
0x3f3a,㼺,23
0x3f3b,㼻,23
0x3f3c,㼼,15
0x3f3d,㼽,42
0x3f3e,㼾,178
0x3f3f,㼿,33
0x3f40,㽀,18
0x3f41,㽁,12
0x3f42,㽂,3
0x3f43,㽃,29
0x3f44,㽄,78
0x3f45,㽅,410
0x3f46,㽆,5
0x3f47,㽇,6
0x3f48,㽈,16
0x3f49,㽉,35
0x3f4b,㽋,8
0x3f4c,㽌,20
0x3f4d,㽍,5
0x3f4e,㽎,84
0x3f4f,㽏,10
0x3f50,㽐,7
0x3f51,㽑,9
0x3f52,㽒,42
0x3f54,㽔,1442
0x3f55,㽕,15
0x3f56,㽖,4
0x3f57,㽗,26
0x3f58,㽘,265
0x3f59,㽙,15
0x3f5a,㽚,46
0x3f5b,㽛,43
0x3f5c,㽜,762
0x3f5d,㽝,46
0x3f5e,㽞,5832
0x3f5f,㽟,149
0x3f60,㽠,12
0x3f61,㽡,3
0x3f62,㽢,1
0x3f63,㽣,58
0x3f64,㽤,14
0x3f65,㽥,75
0x3f66,㽦,824
0x3f67,㽧,111
0x3f68,㽨,39
0x3f69,㽩,5
0x3f6a,㽪,22
0x3f6b,㽫,112
0x3f6c,㽬,18
0x3f6d,㽭,28
0x3f6e,㽮,105
0x3f6f,㽯,115
0x3f70,㽰,14
0x3f71,㽱,8
0x3f72,㽲,358
0x3f73,㽳,54
0x3f74,㽴,9
0x3f75,㽵,1482
0x3f76,㽶,7
0x3f77,㽷,39
0x3f78,㽸,17
0x3f79,㽹,22
0x3f7a,㽺,15
0x3f7b,㽻,15
0x3f7d,㽽,28
0x3f7e,㽾,9
0x3f7f,㽿,9
0x3f80,㾀,19
0x3f81,㾁,8
0x3f82,㾂,4
0x3f83,㾃,10
0x3f84,㾄,9
0x3f85,㾅,4
0x3f86,㾆,7
0x3f87,㾇,10
0x3f88,㾈,17
0x3f89,㾉,6
0x3f8a,㾊,10
0x3f8b,㾋,10
0x3f8c,㾌,17
0x3f8d,㾍,6
0x3f8f,㾏,17
0x3f90,㾐,63
0x3f91,㾑,15
0x3f92,㾒,3
0x3f93,㾓,159
0x3f94,㾔,4
0x3f95,㾕,357
0x3f96,㾖,130
0x3f97,㾗,2021
0x3f98,㾘,248
0x3f99,㾙,18
0x3f9b,㾛,29
0x3f9c,㾜,18
0x3f9d,㾝,24
0x3f9e,㾞,29
0x3fa0,㾠,6
0x3fa1,㾡,1
0x3fa2,㾢,55
0x3fa3,㾣,2
0x3fa4,㾤,2
0x3fa5,㾥,1
0x3fa6,㾦,80
0x3fa7,㾧,11
0x3fa8,㾨,15
0x3fa9,㾩,45
0x3faa,㾪,56
0x3fab,㾫,41
0x3fac,㾬,182
0x3fad,㾭,25
0x3fae,㾮,202
0x3faf,㾯,56
0x3fb0,㾰,29
0x3fb1,㾱,11
0x3fb2,㾲,7
0x3fb4,㾴,41
0x3fb5,㾵,1
0x3fb6,㾶,4
0x3fb7,㾷,19
0x3fb8,㾸,4
0x3fb9,㾹,29
0x3fba,㾺,13
0x3fbb,㾻,51
0x3fbc,㾼,5
0x3fbd,㾽,12
0x3fbe,㾾,25
0x3fbf,㾿,12
0x3fc0,㿀,319
0x3fc1,㿁,1
0x3fc2,㿂,53
0x3fc3,㿃,168
0x3fc4,㿄,11
0x3fc5,㿅,59
0x3fc6,㿆,9
0x3fc7,㿇,103
0x3fc8,㿈,266
0x3fc9,㿉,448
0x3fca,㿊,105
0x3fcb,㿋,21
0x3fcc,㿌,16
0x3fcd,㿍,22
0x3fce,㿎,8
0x3fcf,㿏,11
0x3fd0,㿐,9
0x3fd1,㿑,13
0x3fd2,㿒,20
0x3fd3,㿓,6
0x3fd4,㿔,108
0x3fd5,㿕,14
0x3fd6,㿖,89
0x3fd7,㿗,982
0x3fd8,㿘,9
0x3fd9,㿙,18
0x3fda,㿚,4
0x3fdb,㿛,16
0x3fdc,㿜,16
0x3fdd,㿝,7
0x3fde,㿞,3
0x3fdf,㿟,15
0x3fe0,㿠,55
0x3fe1,㿡,6
0x3fe2,㿢,15
0x3fe3,㿣,11
0x3fe5,㿥,171
0x3fe6,㿦,32
0x3fe7,㿧,7
0x3fe8,㿨,12
0x3fe9,㿩,53
0x3fea,㿪,15
0x3fec,㿬,9
0x3fed,㿭,9
0x3fee,㿮,13
0x3fef,㿯,25
0x3ff0,㿰,59
0x3ff1,㿱,21
0x3ff2,㿲,4
0x3ff3,㿳,3
0x3ff4,㿴,27
0x3ff5,㿵,3
0x3ff6,㿶,3
0x3ff7,㿷,25
0x3ff8,㿸,10
0x3ff9,㿹,5
0x3ffa,㿺,17
0x3ffb,㿻,127
0x3ffc,㿼,16
0x3ffd,㿽,57
0x3ffe,㿾,12
0x3fff,㿿,55
0x4000,䀀,38
0x4001,䀁,43
0x4002,䀂,63
0x4003,䀃,10
0x4004,䀄,77
0x4005,䀅,5
0x4006,䀆,315
0x4007,䀇,16
0x4008,䀈,42
0x4009,䀉,36
0x400a,䀊,8
0x400b,䀋,765
0x400c,䀌,656
0x400d,䀍,5
0x400e,䀎,321
0x400f,䀏,58
0x4010,䀐,25
0x4011,䀑,11
0x4012,䀒,31
0x4013,䀓,5
0x4014,䀔,5
0x4015,䀕,13
0x4016,䀖,3
0x4017,䀗,114
0x4018,䀘,47
0x4019,䀙,3
0x401a,䀚,139
0x401b,䀛,55
0x401c,䀜,91
0x401d,䀝,54
0x401e,䀞,4
0x401f,䀟,19
0x4020,䀠,189
0x4021,䀡,40
0x4022,䀢,158
0x4023,䀣,28
0x4024,䀤,96
0x4026,䀦,1
0x4027,䀧,1
0x4028,䀨,424
0x4029,䀩,41
0x402a,䀪,154
0x402b,䀫,23
0x402c,䀬,8
0x402d,䀭,40
0x402e,䀮,162
0x402f,䀯,35
0x4030,䀰,8
0x4031,䀱,4
0x4032,䀲,74
0x4033,䀳,26
0x4034,䀴,17
0x4035,䀵,11
0x4036,䀶,22
0x4037,䀷,14
0x4038,䀸,15
0x4039,䀹,267
0x403a,䀺,5
0x403b,䀻,127
0x403c,䀼,32
0x403d,䀽,26
0x403e,䀾,11
0x403f,䀿,43
0x4040,䁀,467
0x4041,䁁,17
0x4042,䁂,226
0x4043,䁃,1
0x4044,䁄,5
0x4045,䁅,7
0x4046,䁆,100
0x4047,䁇,18
0x4048,䁈,24
0x4049,䁉,9
0x404a,䁊,14
0x404b,䁋,19
0x404c,䁌,5
0x404d,䁍,30
0x404e,䁎,197
0x404f,䁏,23
0x4050,䁐,25
0x4051,䁑,111
0x4052,䁒,2
0x4053,䁓,19
0x4054,䁔,81
0x4055,䁕,49
0x4057,䁗,19
0x4058,䁘,35
0x4059,䁙,34
0x405a,䁚,4
0x405b,䁛,20
0x405c,䁜,14
0x405d,䁝,73
0x405e,䁞,10
0x405f,䁟,9
0x4060,䁠,8
0x4061,䁡,14
0x4062,䁢,27
0x4063,䁣,2
0x4064,䁤,21
0x4065,䁥,450
0x4066,䁦,11
0x4067,䁧,70
0x4068,䁨,34
0x4069,䁩,37
0x406a,䁪,4
0x406b,䁫,9
0x406c,䁬,20
0x406d,䁭,40
0x406e,䁮,30
0x406f,䁯,1
0x4070,䁰,2
0x4071,䁱,132
0x4072,䁲,25
0x4073,䁳,38
0x4074,䁴,5
0x4075,䁵,14
0x4076,䁶,3
0x4077,䁷,20
0x4078,䁸,9
0x4079,䁹,46
0x407a,䁺,22
0x407b,䁻,10
0x407c,䁼,8
0x407d,䁽,11
0x407e,䁾,152
0x407f,䁿,17
0x4080,䂀,375
0x4081,䂁,2
0x4082,䂂,17
0x4083,䂃,36
0x4084,䂄,41
0x4085,䂅,2
0x4086,䂆,12
0x4087,䂇,5
0x4088,䂈,9
0x4089,䂉,1
0x408a,䂊,597
0x408c,䂌,33
0x408d,䂍,56
0x408e,䂎,466
0x408f,䂏,8
0x4090,䂐,12
0x4091,䂑,53
0x4092,䂒,11
0x4093,䂓,8310
0x4094,䂔,4
0x4095,䂕,10
0x4096,䂖,2511
0x4097,䂗,2
0x4098,䂘,1
0x4099,䂙,18
0x409a,䂚,5
0x409b,䂛,6
0x409c,䂜,7
0x409d,䂝,5
0x409e,䂞,27
0x409f,䂟,5
0x40a1,䂡,17
0x40a2,䂢,2
0x40a3,䂣,8
0x40a4,䂤,4
0x40a5,䂥,141
0x40a6,䂦,36
0x40a7,䂧,6
0x40a8,䂨,15
0x40a9,䂩,87
0x40aa,䂪,20
0x40ab,䂫,4
0x40ac,䂬,331
0x40ad,䂭,27
0x40ae,䂮,523
0x40af,䂯,1
0x40b0,䂰,2
0x40b1,䂱,47
0x40b2,䂲,2
0x40b3,䂳,21
0x40b4,䂴,2
0x40b6,䂶,28
0x40b7,䂷,6
0x40b8,䂸,15
0x40b9,䂹,8
0x40ba,䂺,48
0x40bb,䂻,10
0x40bc,䂼,15
0x40bd,䂽,4
0x40be,䂾,2
0x40bf,䂿,12
0x40c0,䃀,17
0x40c1,䃁,62
0x40c2,䃂,246
0x40c3,䃃,45
0x40c5,䃅,62
0x40c6,䃆,6
0x40c8,䃈,22
0x40c9,䃉,253
0x40ca,䃊,17
0x40cb,䃋,103
0x40cc,䃌,38
0x40cd,䃍,69
0x40ce,䃎,6
0x40cf,䃏,4
0x40d0,䃐,2
0x40d1,䃑,104
0x40d2,䃒,8
0x40d3,䃓,7
0x40d4,䃔,220
0x40d5,䃕,68
0x40d6,䃖,93
0x40d7,䃗,20
0x40d8,䃘,197
0x40d9,䃙,9
0x40da,䃚,23
0x40db,䃛,3
0x40dc,䃜,131
0x40dd,䃝,6
0x40de,䃞,5
0x40df,䃟,3
0x40e0,䃠,15
0x40e1,䃡,39
0x40e2,䃢,33
0x40e3,䃣,159
0x40e4,䃤,55
0x40e5,䃥,9
0x40e6,䃦,7
0x40e7,䃧,96
0x40e8,䃨,1
0x40e9,䃩,34
0x40ea,䃪,22
0x40eb,䃫,41
0x40ec,䃬,80
0x40ed,䃭,689
0x40ee,䃮,643
0x40ef,䃯,75
0x40f0,䃰,49
0x40f1,䃱,80
0x40f2,䃲,107
0x40f3,䃳,175
0x40f4,䃴,68
0x40f5,䃵,4
0x40f6,䃶,40
0x40f7,䃷,24
0x40f8,䃸,110
0x40f9,䃹,20
0x40fa,䃺,457
0x40fb,䃻,2
0x40fc,䃼,26
0x40fd,䃽,35
0x40fe,䃾,45
0x40ff,䃿,41
0x4100,䄀,37
0x4101,䄁,7
0x4102,䄂,7891
0x4103,䄃,80
0x4104,䄄,455
0x4105,䄅,27
0x4106,䄆,17
0x4107,䄇,176
0x4108,䄈,185
0x4109,䄉,320
0x410b,䄋,4
0x410c,䄌,61
0x410d,䄍,536
0x410e,䄎,32
0x410f,䄏,111
0x4110,䄐,7
0x4111,䄑,7
0x4112,䄒,8
0x4113,䄓,23
0x4114,䄔,8
0x4115,䄕,1
0x4116,䄖,538
0x4118,䄘,17
0x4119,䄙,107
0x411a,䄚,39
0x411b,䄛,53
0x411c,䄜,163
0x411d,䄝,8
0x411e,䄞,7
0x411f,䄟,93
0x4120,䄠,553
0x4121,䄡,540
0x4122,䄢,38
0x4123,䄣,3
0x4124,䄤,21
0x4125,䄥,2
0x4127,䄧,1
0x4128,䄨,6
0x4129,䄩,82
0x412a,䄪,22
0x412b,䄫,41
0x412c,䄬,9
0x412d,䄭,9
0x412e,䄮,51
0x412f,䄯,6
0x4130,䄰,1
0x4131,䄱,9
0x4132,䄲,13
0x4133,䄳,10
0x4134,䄴,3
0x4135,䄵,9
0x4136,䄶,66
0x4137,䄷,56
0x4138,䄸,8
0x4139,䄹,2
0x413a,䄺,58
0x413b,䄻,14
0x413c,䄼,25
0x413d,䄽,2
0x413e,䄾,40
0x413f,䄿,11
0x4140,䅀,8
0x4141,䅁,7
0x4142,䅂,8
0x4143,䅃,21
0x4144,䅄,1
0x4145,䅅,17
0x4146,䅆,2
0x4147,䅇,21
0x4148,䅈,20
0x4149,䅉,2
0x414a,䅊,47
0x414b,䅋,17
0x414c,䅌,59
0x414d,䅍,3
0x414e,䅎,18
0x414f,䅏,12
0x4150,䅐,8
0x4151,䅑,15
0x4152,䅒,6
0x4153,䅓,34
0x4154,䅔,11
0x4155,䅕,10
0x4156,䅖,37
0x4157,䅗,18
0x4158,䅘,68
0x4159,䅙,5
0x415a,䅚,10
0x415b,䅛,1
0x415c,䅜,17
0x415d,䅝,7
0x415e,䅞,6
0x415f,䅟,8
0x4160,䅠,15
0x4161,䅡,40
0x4162,䅢,8
0x4163,䅣,31
0x4164,䅤,20
0x4165,䅥,18
0x4166,䅦,6
0x4167,䅧,27
0x4168,䅨,34
0x4169,䅩,27
0x416a,䅪,11
0x416b,䅫,1
0x416c,䅬,6
0x416d,䅭,20
0x416e,䅮,24
0x416f,䅯,14
0x4170,䅰,14
0x4171,䅱,5
0x4172,䅲,49
0x4173,䅳,62
0x4174,䅴,3
0x4175,䅵,27
0x4176,䅶,213
0x4177,䅷,15
0x4178,䅸,16
0x4179,䅹,9
0x417a,䅺,25
0x417b,䅻,47
0x417c,䅼,39
0x417d,䅽,81
0x417e,䅾,10
0x417f,䅿,3
0x4180,䆀,21
0x4181,䆁,121
0x4182,䆂,7
0x4183,䆃,277
0x4184,䆄,24
0x4185,䆅,102
0x4186,䆆,9
0x4188,䆈,3
0x4189,䆉,747
0x418a,䆊,37
0x418b,䆋,95
0x418d,䆍,23
0x418e,䆎,24
0x418f,䆏,27
0x4190,䆐,59
0x4191,䆑,40
0x4192,䆒,3862
0x4193,䆓,98
0x4194,䆔,30
0x4195,䆕,28
0x4196,䆖,34
0x4197,䆗,469
0x4198,䆘,78
0x4199,䆙,82
0x419a,䆚,7
0x419b,䆛,51
0x419c,䆜,5
0x419d,䆝,6
0x419e,䆞,15
0x419f,䆟,43
0x41a0,䆠,1372
0x41a1,䆡,72
0x41a2,䆢,4
0x41a3,䆣,51
0x41a4,䆤,108
0x41a5,䆥,41
0x41a6,䆦,6
0x41a7,䆧,12
0x41a8,䆨,12
0x41a9,䆩,128
0x41aa,䆪,2
0x41ab,䆫,5055
0x41ac,䆬,17
0x41ad,䆭,1
0x41ae,䆮,679
0x41af,䆯,2
0x41b0,䆰,4
0x41b1,䆱,49
0x41b2,䆲,66
0x41b3,䆳,2686
0x41b4,䆴,46
0x41b5,䆵,26
0x41b6,䆶,5
0x41b7,䆷,34
0x41b8,䆸,19
0x41b9,䆹,6
0x41ba,䆺,79
0x41bb,䆻,12
0x41bc,䆼,4
0x41bd,䆽,7
0x41be,䆾,20
0x41bf,䆿,191
0x41c0,䇀,1
0x41c1,䇁,2
0x41c2,䇂,112
0x41c3,䇃,10
0x41c4,䇄,51
0x41c5,䇅,1
0x41c7,䇇,16
0x41c8,䇈,15
0x41c9,䇉,1
0x41cb,䇋,1
0x41cc,䇌,4
0x41cd,䇍,2
0x41ce,䇎,9
0x41cf,䇏,36
0x41d0,䇐,94
0x41d1,䇑,10
0x41d2,䇒,6
0x41d3,䇓,343
0x41d4,䇔,39
0x41d5,䇕,26
0x41d6,䇖,3
0x41d7,䇗,7
0x41d8,䇘,66
0x41d9,䇙,1
0x41da,䇚,4
0x41db,䇛,1
0x41dc,䇜,4
0x41dd,䇝,11
0x41de,䇞,36
0x41df,䇟,8
0x41e0,䇠,19
0x41e1,䇡,28
0x41e2,䇢,31
0x41e3,䇣,18
0x41e4,䇤,7
0x41e5,䇥,3
0x41e6,䇦,26
0x41e7,䇧,31
0x41e8,䇨,26
0x41e9,䇩,9
0x41ea,䇪,3
0x41eb,䇫,12
0x41ec,䇬,15
0x41ed,䇭,45
0x41ee,䇮,5
0x41ef,䇯,7
0x41f0,䇰,26
0x41f2,䇲,169
0x41f3,䇳,114
0x41f4,䇴,10
0x41f5,䇵,25
0x41f6,䇶,63
0x41f7,䇷,9
0x41f8,䇸,7
0x41f9,䇹,36
0x41fa,䇺,80
0x41fb,䇻,2
0x41fc,䇼,4
0x41fd,䇽,37
0x41fe,䇾,60
0x41ff,䇿,90736
0x4200,䈀,15
0x4201,䈁,47
0x4202,䈂,127
0x4203,䈃,10
0x4204,䈄,41
0x4205,䈅,17
0x4206,䈆,3
0x4207,䈇,23
0x4208,䈈,7
0x4209,䈉,111
0x420a,䈊,6
0x420b,䈋,11
0x420c,䈌,7
0x420d,䈍,2
0x420e,䈎,110
0x420f,䈏,51
0x4210,䈐,10
0x4211,䈑,9
0x4212,䈒,56
0x4213,䈓,19
0x4214,䈔,32
0x4215,䈕,36
0x4216,䈖,80
0x4217,䈗,12
0x4218,䈘,2
0x4219,䈙,57
0x421a,䈚,173
0x421b,䈛,26
0x421c,䈜,2
0x421d,䈝,12
0x421e,䈞,13
0x421f,䈟,14
0x4220,䈠,14
0x4221,䈡,33
0x4222,䈢,2
0x4223,䈣,43
0x4224,䈤,47
0x4225,䈥,819
0x4226,䈦,2
0x4227,䈧,69
0x4229,䈩,1
0x422a,䈪,19
0x422b,䈫,2
0x422c,䈬,43
0x422d,䈭,6
0x422e,䈮,20
0x422f,䈯,15
0x4230,䈰,129
0x4231,䈱,17
0x4232,䈲,35
0x4233,䈳,59
0x4234,䈴,67
0x4235,䈵,16
0x4236,䈶,17
0x4237,䈷,5
0x4238,䈸,8
0x4239,䈹,8
0x423a,䈺,24
0x423b,䈻,4
0x423c,䈼,40
0x423d,䈽,203
0x423e,䈾,46
0x423f,䈿,11
0x4240,䉀,59
0x4241,䉁,21
0x4242,䉂,30
0x4243,䉃,22
0x4244,䉄,1
0x4245,䉅,16
0x4246,䉆,10
0x4248,䉈,18
0x4249,䉉,38
0x424a,䉊,8
0x424b,䉋,54
0x424c,䉌,6
0x424d,䉍,8
0x424e,䉎,39
0x424f,䉏,1
0x4250,䉐,4
0x4251,䉑,45
0x4252,䉒,28
0x4253,䉓,1
0x4254,䉔,6
0x4255,䉕,8
0x4256,䉖,7
0x4257,䉗,7
0x4258,䉘,6
0x4259,䉙,1
0x425a,䉚,3
0x425b,䉛,218
0x425c,䉜,15
0x425d,䉝,46
0x425e,䉞,8
0x425f,䉟,3
0x4260,䉠,21
0x4261,䉡,225
0x4262,䉢,8
0x4263,䉣,14
0x4264,䉤,13
0x4266,䉦,28
0x4267,䉧,13
0x4268,䉨,13
0x4269,䉩,59
0x426a,䉪,6
0x426b,䉫,23
0x426c,䉬,25
0x426d,䉭,9
0x426e,䉮,16
0x426f,䉯,4
0x4270,䉰,19
0x4271,䉱,5
0x4272,䉲,9
0x4273,䉳,46
0x4274,䉴,24
0x4275,䉵,31
0x4276,䉶,40
0x4277,䉷,24
0x4278,䉸,14
0x4279,䉹,6
0x427a,䉺,17
0x427b,䉻,101
0x427c,䉼,39
0x427d,䉽,26
0x427e,䉾,23
0x427f,䉿,3
0x4280,䊀,94
0x4281,䊁,3
0x4282,䊂,1
0x4283,䊃,4
0x4284,䊄,5
0x4285,䊅,2
0x4286,䊆,27
0x4287,䊇,23
0x4288,䊈,22
0x4289,䊉,27
0x428a,䊊,18
0x428b,䊋,129
0x428d,䊍,6
0x428e,䊎,30
0x428f,䊏,7
0x4290,䊐,9
0x4291,䊑,4
0x4292,䊒,10
0x4293,䊓,16
0x4294,䊔,9
0x4295,䊕,12
0x4296,䊖,1
0x4297,䊗,10
0x4298,䊘,4
0x4299,䊙,8
0x429a,䊚,16
0x429b,䊛,5
0x429d,䊝,43
0x429e,䊞,25
0x429f,䊟,13
0x42a0,䊠,16
0x42a1,䊡,11
0x42a2,䊢,8
0x42a3,䊣,3
0x42a4,䊤,34
0x42a5,䊥,2
0x42a6,䊦,15
0x42a7,䊧,59
0x42a8,䊨,99
0x42a9,䊩,3
0x42aa,䊪,48
0x42ab,䊫,15
0x42ac,䊬,10
0x42ad,䊭,10
0x42ae,䊮,73
0x42af,䊯,9
0x42b0,䊰,17
0x42b2,䊲,17
0x42b3,䊳,15
0x42b5,䊵,183
0x42b6,䊶,14
0x42b7,䊷,312
0x42b8,䊸,490
0x42b9,䊹,44
0x42ba,䊺,30
0x42bb,䊻,21
0x42bc,䊼,11
0x42bd,䊽,1
0x42be,䊾,34
0x42bf,䊿,64
0x42c0,䋀,8
0x42c1,䋁,96
0x42c2,䋂,3
0x42c3,䋃,88
0x42c4,䋄,486
0x42c5,䋅,13
0x42c6,䋆,2
0x42c7,䋇,10
0x42c8,䋈,175
0x42c9,䋉,3
0x42ca,䋊,63
0x42cb,䋋,14
0x42cc,䋌,26
0x42cd,䋍,21
0x42ce,䋎,62
0x42cf,䋏,92
0x42d0,䋐,27
0x42d1,䋑,22
0x42d2,䋒,9
0x42d3,䋓,2
0x42d4,䋔,50
0x42d5,䋕,29
0x42d6,䋖,19
0x42d7,䋗,11
0x42d8,䋘,11
0x42d9,䋙,52
0x42da,䋚,18
0x42db,䋛,23
0x42dc,䋜,78
0x42dd,䋝,2
0x42de,䋞,105
0x42df,䋟,8
0x42e0,䋠,18
0x42e1,䋡,8
0x42e2,䋢,11
0x42e3,䋣,197
0x42e4,䋤,26
0x42e5,䋥,13
0x42e6,䋦,8
0x42e7,䋧,9
0x42e8,䋨,7
0x42e9,䋩,4
0x42ea,䋪,27
0x42eb,䋫,295
0x42ec,䋬,2
0x42ed,䋭,43
0x42ee,䋮,32
0x42ef,䋯,17
0x42f0,䋰,13
0x42f1,䋱,15
0x42f2,䋲,12820
0x42f3,䋳,10
0x42f4,䋴,22
0x42f5,䋵,30
0x42f6,䋶,66
0x42f7,䋷,14
0x42f8,䋸,28
0x42f9,䋹,15
0x42fa,䋺,37
0x42fb,䋻,6
0x42fc,䋼,26
0x42fd,䋽,117
0x42fe,䋾,32
0x42ff,䋿,55
0x4300,䌀,9
0x4301,䌁,20
0x4302,䌂,1
0x4303,䌃,14
0x4304,䌄,25
0x4305,䌅,13
0x4306,䌆,17
0x4307,䌇,73
0x4308,䌈,37
0x4309,䌉,68
0x430a,䌊,17
0x430b,䌋,2
0x430c,䌌,71
0x430d,䌍,6
0x430e,䌎,8
0x430f,䌏,14
0x4310,䌐,51
0x4311,䌑,9
0x4312,䌒,11
0x4313,䌓,1091
0x4314,䌔,9
0x4315,䌕,14
0x4316,䌖,117
0x4317,䌗,10
0x4318,䌘,6
0x4319,䌙,16
0x431a,䌚,7
0x431b,䌛,247
0x431c,䌜,68
0x431d,䌝,29
0x431e,䌞,8
0x431f,䌟,164
0x4320,䌠,8
0x4321,䌡,3
0x4322,䌢,1
0x4323,䌣,5
0x4324,䌤,186
0x4325,䌥,32
0x4326,䌦,17
0x4327,䌧,38
0x4328,䌨,370
0x4329,䌩,1
0x432a,䌪,14
0x432b,䌫,1955
0x432c,䌬,2
0x432d,䌭,2
0x432e,䌮,37
0x432f,䌯,4
0x4330,䌰,172
0x4331,䌱,2
0x4332,䌲,6
0x4333,䌳,21
0x4334,䌴,80
0x4335,䌵,4
0x4336,䌶,4
0x4337,䌷,4
0x4338,䌸,1
0x4339,䌹,2
0x433c,䌼,5
0x433d,䌽,56
0x433f,䌿,3
0x4342,䍂,11
0x4343,䍃,165
0x4344,䍄,16
0x4345,䍅,31
0x4346,䍆,9
0x4347,䍇,7
0x4348,䍈,5
0x4349,䍉,3
0x434a,䍊,25
0x434b,䍋,28
0x434c,䍌,25
0x434d,䍍,18
0x434e,䍎,4
0x434f,䍏,11
0x4350,䍐,4285
0x4351,䍑,92
0x4352,䍒,47
0x4353,䍓,15
0x4354,䍔,7
0x4355,䍕,12
0x4356,䍖,191
0x4357,䍗,8
0x4358,䍘,44
0x4359,䍙,52
0x435a,䍚,85
0x435b,䍛,30
0x435c,䍜,18
0x435d,䍝,16
0x435e,䍞,7
0x435f,䍟,5
0x4361,䍡,214
0x4362,䍢,22
0x4363,䍣,49
0x4364,䍤,29
0x4365,䍥,412
0x4366,䍦,1019
0x4367,䍧,2307
0x4368,䍨,18
0x4369,䍩,15
0x436a,䍪,24
0x436b,䍫,20
0x436c,䍬,10
0x436d,䍭,4
0x436e,䍮,59
0x436f,䍯,6
0x4370,䍰,10
0x4371,䍱,10
0x4372,䍲,24
0x4373,䍳,5
0x4374,䍴,48
0x4375,䍵,19
0x4376,䍶,103
0x4377,䍷,58
0x4378,䍸,26
0x4379,䍹,4
0x437a,䍺,39
0x437b,䍻,15
0x437c,䍼,14
0x437d,䍽,419
0x437f,䍿,59
0x4380,䎀,45
0x4381,䎁,2
0x4382,䎂,17
0x4383,䎃,8
0x4384,䎄,4
0x4385,䎅,13
0x4386,䎆,1
0x4387,䎇,1
0x4388,䎈,6
0x4389,䎉,7
0x438a,䎊,1
0x438b,䎋,1
0x438c,䎌,6
0x438d,䎍,1
0x438e,䎎,13
0x438f,䎏,39
0x4390,䎐,12
0x4391,䎑,3
0x4392,䎒,84
0x4393,䎓,21
0x4394,䎔,5
0x4395,䎕,29
0x4396,䎖,201
0x4397,䎗,40
0x4398,䎘,132
0x4399,䎙,17
0x439a,䎚,28
0x439b,䎛,13
0x439c,䎜,6
0x439d,䎝,33
0x439e,䎞,3
0x439f,䎟,3
0x43a0,䎠,5
0x43a1,䎡,248
0x43a2,䎢,2
0x43a3,䎣,52
0x43a4,䎤,9
0x43a6,䎦,35
0x43a7,䎧,21
0x43a8,䎨,10
0x43a9,䎩,14
0x43aa,䎪,11
0x43ab,䎫,70
0x43ae,䎮,6
0x43af,䎯,21
0x43b0,䎰,9
0x43b1,䎱,9
0x43b2,䎲,14
0x43b3,䎳,95
0x43b4,䎴,10
0x43b5,䎵,47
0x43b6,䎶,86
0x43b7,䎷,13
0x43b8,䎸,59
0x43b9,䎹,83
0x43ba,䎺,15
0x43bb,䎻,3
0x43bc,䎼,65
0x43bd,䎽,22
0x43be,䎾,16
0x43bf,䎿,17
0x43c0,䏀,3
0x43c1,䏁,79
0x43c2,䏂,184
0x43c3,䏃,237
0x43c4,䏄,4
0x43c5,䏅,57
0x43c6,䏆,49
0x43c7,䏇,29
0x43c8,䏈,290
0x43c9,䏉,6
0x43ca,䏊,108
0x43cb,䏋,1
0x43cc,䏌,196
0x43cd,䏍,44
0x43ce,䏎,50
0x43cf,䏏,66
0x43d0,䏐,17
0x43d1,䏑,296
0x43d2,䏒,9
0x43d4,䏔,29
0x43d5,䏕,15
0x43d6,䏖,30
0x43d7,䏗,2
0x43d8,䏘,13
0x43d9,䏙,140
0x43da,䏚,134
0x43db,䏛,13
0x43dc,䏜,8
0x43de,䏞,245
0x43df,䏟,9
0x43e0,䏠,25
0x43e1,䏡,10
0x43e2,䏢,36
0x43e3,䏣,158
0x43e4,䏤,5
0x43e5,䏥,23
0x43e6,䏦,20
0x43e7,䏧,38
0x43e8,䏨,14
0x43e9,䏩,43
0x43ea,䏪,6
0x43eb,䏫,3
0x43ec,䏬,17
0x43ed,䏭,1
0x43ef,䏯,4
0x43f0,䏰,832
0x43f1,䏱,3
0x43f2,䏲,15
0x43f3,䏳,8
0x43f4,䏴,27
0x43f5,䏵,11
0x43f6,䏶,1081
0x43f7,䏷,18
0x43f8,䏸,38
0x43f9,䏹,10
0x43fa,䏺,72
0x43fb,䏻,13486
0x43fc,䏼,32
0x43fd,䏽,32
0x43fe,䏾,4
0x43ff,䏿,116
0x4400,䐀,6
0x4401,䐁,111
0x4402,䐂,6
0x4403,䐃,191
0x4404,䐄,25
0x4405,䐅,5
0x4406,䐆,20
0x4407,䐇,48
0x4408,䐈,369
0x4409,䐉,59
0x440a,䐊,10
0x440b,䐋,8
0x440c,䐌,11
0x440d,䐍,1
0x440e,䐎,46
0x440f,䐏,7
0x4410,䐐,33
0x4411,䐑,332
0x4412,䐒,14
0x4413,䐓,16
0x4414,䐔,21
0x4415,䐕,6
0x4416,䐖,6
0x4417,䐗,379
0x4418,䐘,18
0x4419,䐙,2
0x441a,䐚,10
0x441b,䐛,41
0x441c,䐜,968
0x441d,䐝,15
0x441e,䐞,13
0x441f,䐟,9
0x4420,䐠,66
0x4421,䐡,194
0x4422,䐢,42
0x4423,䐣,25
0x4424,䐤,40
0x4425,䐥,7
0x4426,䐦,17
0x4427,䐧,25
0x4428,䐨,23
0x4429,䐩,16
0x442a,䐪,13
0x442b,䐫,6
0x442c,䐬,7
0x442d,䐭,15
0x442e,䐮,8
0x442f,䐯,25
0x4430,䐰,10
0x4431,䐱,21
0x4432,䐲,30
0x4433,䐳,18
0x4434,䐴,54
0x4435,䐵,5
0x4436,䐶,13
0x4437,䐷,13
0x4438,䐸,6
0x4439,䐹,245
0x443a,䐺,10
0x443b,䐻,14
0x443c,䐼,13
0x443d,䐽,17
0x443e,䐾,24
0x443f,䐿,27
0x4440,䑀,14
0x4441,䑁,23
0x4442,䑂,13
0x4443,䑃,149
0x4444,䑄,24
0x4445,䑅,1
0x4446,䑆,4
0x4447,䑇,12
0x4448,䑈,6
0x4449,䑉,2
0x444a,䑊,8
0x444b,䑋,170
0x444c,䑌,9
0x444d,䑍,9
0x444e,䑎,27
0x444f,䑏,41
0x4450,䑐,2
0x4451,䑑,14
0x4452,䑒,28
0x4453,䑓,34167
0x4454,䑔,36
0x4455,䑕,35322
0x4457,䑗,14
0x4458,䑘,15
0x4459,䑙,21
0x445a,䑚,36
0x445b,䑛,3113
0x445c,䑜,23
0x445d,䑝,8
0x445e,䑞,50
0x445f,䑟,18
0x4460,䑠,49
0x4461,䑡,14
0x4462,䑢,20
0x4463,䑣,69
0x4464,䑤,36
0x4465,䑥,3
0x4466,䑦,47
0x4467,䑧,15
0x4468,䑨,23
0x4469,䑩,105
0x446a,䑪,22
0x446b,䑫,5
0x446c,䑬,43
0x446d,䑭,2
0x446e,䑮,4
0x446f,䑯,16
0x4470,䑰,39
0x4472,䑲,71
0x4473,䑳,305
0x4474,䑴,24
0x4475,䑵,65
0x4476,䑶,12
0x4478,䑸,730
0x4479,䑹,26
0x447a,䑺,58
0x447b,䑻,6
0x447c,䑼,46
0x447d,䑽,86
0x447e,䑾,14
0x447f,䑿,83
0x4480,䒀,206
0x4481,䒁,18
0x4482,䒂,3
0x4483,䒃,4
0x4484,䒄,8
0x4485,䒅,36
0x4486,䒆,5
0x4487,䒇,13
0x4488,䒈,7
0x4489,䒉,8
0x448a,䒊,5
0x448b,䒋,3
0x448c,䒌,28
0x448d,䒍,13
0x448e,䒎,65
0x448f,䒏,5
0x4490,䒐,11
0x4491,䒑,5
0x4492,䒒,56
0x4493,䒓,32
0x4494,䒔,15
0x4495,䒕,14
0x4496,䒖,17
0x4497,䒗,104
0x4498,䒘,16
0x4499,䒙,2
0x449a,䒚,3
0x449b,䒛,4
0x449c,䒜,38
0x449d,䒝,5
0x449e,䒞,18
0x449f,䒟,2
0x44a0,䒠,101
0x44a1,䒡,7
0x44a2,䒢,20
0x44a3,䒣,25
0x44a4,䒤,16
0x44a5,䒥,27
0x44a6,䒦,30
0x44a7,䒧,16
0x44a8,䒨,17
0x44a9,䒩,46
0x44aa,䒪,41
0x44ab,䒫,25
0x44ac,䒬,3
0x44ad,䒭,3254
0x44ae,䒮,2
0x44b0,䒰,49
0x44b1,䒱,124
0x44b2,䒲,12
0x44b3,䒳,137
0x44b4,䒴,8
0x44b5,䒵,16
0x44b6,䒶,146
0x44b7,䒷,88
0x44b8,䒸,14
0x44b9,䒹,74
0x44ba,䒺,20
0x44bb,䒻,14
0x44bc,䒼,36
0x44bd,䒽,55
0x44be,䒾,10
0x44c0,䓀,13
0x44c1,䓁,8051
0x44c2,䓂,8
0x44c3,䓃,36
0x44c4,䓄,26
0x44c5,䓅,21
0x44c6,䓆,34
0x44c7,䓇,66
0x44c8,䓈,85
0x44c9,䓉,26
0x44ca,䓊,8
0x44cb,䓋,5
0x44cc,䓌,14
0x44cd,䓍,8
0x44ce,䓎,1
0x44cf,䓏,13
0x44d0,䓐,11
0x44d1,䓑,104
0x44d2,䓒,24
0x44d3,䓓,9
0x44d4,䓔,1
0x44d5,䓕,1
0x44d6,䓖,9
0x44d7,䓗,1103
0x44d8,䓘,55
0x44d9,䓙,20
0x44da,䓚,24
0x44db,䓛,5
0x44dc,䓜,6
0x44dd,䓝,11
0x44de,䓞,225
0x44df,䓟,36
0x44e0,䓠,14
0x44e1,䓡,3
0x44e2,䓢,22
0x44e3,䓣,246
0x44e4,䓤,552
0x44e5,䓥,19
0x44e6,䓦,31
0x44e7,䓧,55
0x44e8,䓨,14
0x44e9,䓩,1
0x44ea,䓪,484
0x44eb,䓫,6
0x44ec,䓬,2
0x44ed,䓭,4
0x44ee,䓮,18
0x44ef,䓯,35
0x44f0,䓰,6
0x44f1,䓱,19
0x44f2,䓲,124
0x44f3,䓳,15
0x44f4,䓴,38
0x44f5,䓵,31
0x44f6,䓶,101
0x44f7,䓷,17
0x44f8,䓸,96
0x44f9,䓹,13
0x44fa,䓺,47
0x44fb,䓻,1677
0x44fc,䓼,15
0x44fd,䓽,3
0x44fe,䓾,14
0x44ff,䓿,134
0x4500,䔀,1
0x4501,䔁,19
0x4502,䔂,16
0x4503,䔃,7
0x4504,䔄,68
0x4505,䔅,8
0x4506,䔆,13
0x4507,䔇,57
0x4508,䔈,19
0x4509,䔉,215
0x450a,䔊,6
0x450b,䔋,17
0x450c,䔌,54
0x450d,䔍,1735
0x450e,䔎,1
0x450f,䔏,23
0x4510,䔐,1
0x4511,䔑,25
0x4512,䔒,30
0x4513,䔓,44
0x4514,䔔,10
0x4515,䔕,14
0x4516,䔖,259
0x4517,䔗,3
0x4518,䔘,7
0x451a,䔚,9
0x451b,䔛,156
0x451c,䔜,4
0x451d,䔝,4
0x451e,䔞,47
0x451f,䔟,42
0x4520,䔠,33
0x4521,䔡,13
0x4522,䔢,42
0x4523,䔣,6
0x4524,䔤,1
0x4525,䔥,1512
0x4526,䔦,1
0x4527,䔧,1061
0x4528,䔨,5
0x4529,䔩,1788
0x452a,䔪,11
0x452b,䔫,71
0x452c,䔬,131
0x452d,䔭,70
0x452e,䔮,31
0x452f,䔯,12
0x4530,䔰,358
0x4531,䔱,4
0x4532,䔲,177
0x4533,䔳,4
0x4534,䔴,7
0x4535,䔵,26
0x4536,䔶,16
0x4537,䔷,27
0x4538,䔸,31
0x4539,䔹,2
0x453a,䔺,41
0x453b,䔻,8
0x453c,䔼,45
0x453d,䔽,15
0x453e,䔾,59
0x453f,䔿,532
0x4540,䕀,8
0x4541,䕁,24
0x4542,䕂,7
0x4543,䕃,25075
0x4544,䕄,16
0x4545,䕅,15
0x4546,䕆,23
0x4547,䕇,60
0x4548,䕈,8
0x4549,䕉,3
0x454a,䕊,6
0x454b,䕋,68
0x454c,䕌,31
0x454d,䕍,5
0x454e,䕎,3
0x454f,䕏,95
0x4550,䕐,1
0x4551,䕑,1
0x4552,䕒,18
0x4553,䕓,40
0x4554,䕔,112
0x4555,䕕,33
0x4556,䕖,24
0x4558,䕘,15
0x4559,䕙,9
0x455a,䕚,20
0x455b,䕛,17
0x455c,䕜,2
0x455d,䕝,3
0x455e,䕞,131
0x455f,䕟,305
0x4560,䕠,54
0x4561,䕡,835
0x4562,䕢,39
0x4563,䕣,5
0x4564,䕤,8
0x4565,䕥,22
0x4566,䕦,5
0x4567,䕧,12
0x4568,䕨,32
0x4569,䕩,451
0x456a,䕪,20
0x456b,䕫,13484
0x456c,䕬,214
0x456d,䕭,51
0x456e,䕮,31
0x456f,䕯,29
0x4570,䕰,3
0x4571,䕱,6
0x4572,䕲,54
0x4573,䕳,8
0x4574,䕴,15
0x4575,䕵,13
0x4576,䕶,60731
0x4577,䕷,1613
0x4578,䕸,260
0x4579,䕹,16
0x457a,䕺,328
0x457b,䕻,71
0x457c,䕼,27
0x457d,䕽,4
0x457e,䕾,30
0x457f,䕿,2
0x4580,䖀,105
0x4581,䖁,1
0x4582,䖂,71
0x4583,䖃,105
0x4584,䖄,2
0x4585,䖅,14
0x4586,䖆,20
0x4587,䖇,40
0x4588,䖈,24
0x4589,䖉,8
0x458a,䖊,7
0x458b,䖋,4
0x458c,䖌,5
0x458d,䖍,57612
0x458e,䖎,6
0x458f,䖏,49854
0x4590,䖐,7
0x4591,䖑,21
0x4592,䖒,90
0x4593,䖓,14
0x4594,䖔,21
0x4595,䖕,20
0x4596,䖖,2
0x4597,䖗,4
0x4598,䖘,115
0x4599,䖙,22
0x459a,䖚,11
0x459b,䖛,4
0x459c,䖜,40
0x459d,䖝,11027
0x459e,䖞,3
0x459f,䖟,2322
0x45a0,䖠,2
0x45a1,䖡,24
0x45a2,䖢,25
0x45a3,䖣,3
0x45a4,䖤,144
0x45a5,䖥,15
0x45a6,䖦,37
0x45a7,䖧,13
0x45a8,䖨,5
0x45a9,䖩,4
0x45aa,䖪,28
0x45ab,䖫,3
0x45ac,䖬,2
0x45ad,䖭,17
0x45ae,䖮,31
0x45af,䖯,16
0x45b0,䖰,1
0x45b1,䖱,22
0x45b2,䖲,18
0x45b3,䖳,160
0x45b4,䖴,49
0x45b5,䖵,6239
0x45b6,䖶,49
0x45b7,䖷,6
0x45b8,䖸,111
0x45b9,䖹,50
0x45ba,䖺,70
0x45bb,䖻,31
0x45bc,䖼,3
0x45bd,䖽,42
0x45be,䖾,7
0x45bf,䖿,18
0x45c0,䗀,9
0x45c1,䗁,78
0x45c2,䗂,68
0x45c3,䗃,38
0x45c4,䗄,9
0x45c5,䗅,27
0x45c6,䗆,8
0x45c7,䗇,20
0x45c8,䗈,9
0x45c9,䗉,22
0x45ca,䗊,46
0x45cb,䗋,14
0x45cc,䗌,2
0x45cd,䗍,125
0x45ce,䗎,9
0x45cf,䗏,13
0x45d0,䗐,41
0x45d2,䗒,9
0x45d3,䗓,90
0x45d4,䗔,25
0x45d5,䗕,13
0x45d6,䗖,35
0x45d7,䗗,8
0x45d8,䗘,20
0x45d9,䗙,14
0x45da,䗚,24
0x45db,䗛,8
0x45dc,䗜,23
0x45dd,䗝,11
0x45de,䗞,13
0x45df,䗟,10
0x45e0,䗠,13
0x45e1,䗡,24
0x45e2,䗢,19
0x45e3,䗣,27
0x45e4,䗤,85
0x45e5,䗥,90
0x45e6,䗦,24
0x45e7,䗧,22
0x45e8,䗨,9
0x45e9,䗩,29
0x45ea,䗪,486
0x45eb,䗫,859
0x45ec,䗬,54
0x45ed,䗭,2
0x45ee,䗮,8
0x45ef,䗯,44
0x45f0,䗰,9
0x45f1,䗱,37
0x45f2,䗲,72
0x45f5,䗵,85
0x45f6,䗶,522
0x45f7,䗷,4
0x45f8,䗸,18
0x45f9,䗹,6
0x45fa,䗺,17
0x45fb,䗻,2
0x45fc,䗼,2
0x45fd,䗽,35
0x45fe,䗾,7
0x45ff,䗿,22
0x4600,䘀,29
0x4601,䘁,12
0x4602,䘂,20
0x4603,䘃,155
0x4604,䘄,36
0x4605,䘅,25
0x4606,䘆,28
0x4607,䘇,15
0x4608,䘈,2
0x4609,䘉,12
0x460a,䘊,35
0x460b,䘋,26
0x460c,䘌,306
0x460d,䘍,51
0x460e,䘎,20
0x460f,䘏,20958
0x4610,䘐,302
0x4611,䘑,3
0x4612,䘒,137
0x4613,䘓,46
0x4614,䘔,91
0x4615,䘕,23
0x4616,䘖,1209
0x4617,䘗,15
0x4618,䘘,6
0x4619,䘙,431
0x461a,䘚,5872
0x461b,䘛,4
0x461c,䘜,8
0x461d,䘝,31
0x461e,䘞,1
0x461f,䘟,8
0x4620,䘠,59
0x4621,䘡,27
0x4622,䘢,26
0x4623,䘣,9
0x4624,䘤,163
0x4625,䘥,112
0x4626,䘦,1
0x4627,䘧,42
0x4628,䘨,37
0x4629,䘩,17
0x462a,䘪,43
0x462b,䘫,32
0x462c,䘬,6
0x462d,䘭,26
0x462e,䘮,107886
0x462f,䘯,46
0x4630,䘰,15
0x4631,䘱,21
0x4632,䘲,331
0x4633,䘳,180
0x4634,䘴,10
0x4635,䘵,431
0x4636,䘶,8
0x4637,䘷,8
0x4638,䘸,26
0x4639,䘹,29
0x463a,䘺,89
0x463b,䘻,1
0x463c,䘼,7
0x463d,䘽,61
0x463e,䘾,8
0x463f,䘿,115
0x4640,䙀,403
0x4641,䙁,2
0x4642,䙂,5
0x4643,䙃,94
0x4644,䙄,4
0x4645,䙅,54
0x4646,䙆,111
0x4647,䙇,4
0x4648,䙈,8
0x4649,䙉,18
0x464a,䙊,1
0x464b,䙋,1
0x464c,䙌,1
0x464e,䙎,10
0x464f,䙏,26
0x4650,䙐,12
0x4651,䙑,21
0x4652,䙒,6
0x4654,䙔,34
0x4655,䙕,79
0x4656,䙖,4
0x4657,䙗,19
0x4658,䙘,19
0x4659,䙙,11
0x465a,䙚,311
0x465b,䙛,7
0x465c,䙜,26
0x465d,䙝,9018
0x465e,䙞,43
0x465f,䙟,37
0x4660,䙠,3
0x4661,䙡,75
0x4662,䙢,18
0x4663,䙣,14
0x4664,䙤,7
0x4665,䙥,9
0x4666,䙦,1
0x4667,䙧,7
0x4668,䙨,3
0x4669,䙩,18
0x466a,䙪,4
0x466b,䙫,264
0x466c,䙬,44
0x466d,䙭,59
0x466e,䙮,9
0x466f,䙯,2
0x4670,䙰,608
0x4671,䙱,387
0x4672,䙲,8
0x4673,䙳,17
0x4674,䙴,78
0x4675,䙵,28
0x4677,䙷,175
0x4678,䙸,6
0x4679,䙹,16
0x467a,䙺,4
0x467b,䙻,2
0x467c,䙼,47
0x467d,䙽,15
0x467e,䙾,42
0x467f,䙿,4
0x4680,䚀,15
0x4681,䚁,4
0x4682,䚂,6
0x4683,䚃,21
0x4684,䚄,6
0x4685,䚅,10
0x4686,䚆,69
0x4687,䚇,5
0x4688,䚈,4
0x4689,䚉,10
0x468a,䚊,2
0x468b,䚋,17
0x468c,䚌,1
0x468d,䚍,40
0x468e,䚎,57
0x468f,䚏,7
0x4690,䚐,13
0x4691,䚑,2
0x4692,䚒,154
0x4693,䚓,15
0x4694,䚔,20
0x4695,䚕,57
0x4696,䚖,6
0x4697,䚗,65
0x4698,䚘,14
0x4699,䚙,7
0x469a,䚚,6
0x469b,䚛,10
0x469c,䚜,2
0x469d,䚝,10
0x469e,䚞,7
0x469f,䚟,496
0x46a0,䚠,6
0x46a1,䚡,378
0x46a2,䚢,335
0x46a3,䚣,11
0x46a4,䚤,3
0x46a5,䚥,16
0x46a6,䚦,173
0x46a7,䚧,70
0x46a8,䚨,10
0x46a9,䚩,32
0x46aa,䚪,5
0x46ab,䚫,12
0x46ac,䚬,22
0x46ad,䚭,8
0x46ae,䚮,68
0x46af,䚯,71
0x46b0,䚰,27
0x46b1,䚱,14
0x46b2,䚲,4
0x46b3,䚳,9
0x46b4,䚴,44
0x46b5,䚵,9
0x46b6,䚶,17
0x46b7,䚷,17
0x46b8,䚸,24
0x46b9,䚹,35
0x46ba,䚺,18
0x46bb,䚻,44
0x46bc,䚼,2
0x46bd,䚽,7
0x46be,䚾,14
0x46bf,䚿,14
0x46c0,䛀,8
0x46c1,䛁,32
0x46c2,䛂,8
0x46c3,䛃,6
0x46c4,䛄,7
0x46c5,䛅,22
0x46c6,䛆,85
0x46c7,䛇,35
0x46c8,䛈,25
0x46c9,䛉,6
0x46ca,䛊,6
0x46cb,䛋,24
0x46cc,䛌,12
0x46cd,䛍,6
0x46ce,䛎,5
0x46cf,䛏,60
0x46d0,䛐,40
0x46d1,䛑,11
0x46d2,䛒,271
0x46d4,䛔,5
0x46d5,䛕,4430
0x46d6,䛖,18
0x46d7,䛗,9
0x46d8,䛘,262
0x46d9,䛙,1
0x46da,䛚,54
0x46db,䛛,8
0x46dc,䛜,11
0x46dd,䛝,2
0x46de,䛞,4
0x46df,䛟,57
0x46e0,䛠,49
0x46e1,䛡,132
0x46e2,䛢,32
0x46e3,䛣,15
0x46e4,䛤,5
0x46e5,䛥,9
0x46e6,䛦,27
0x46e7,䛧,45
0x46e8,䛨,11
0x46e9,䛩,27
0x46ea,䛪,12
0x46eb,䛫,5
0x46ec,䛬,33
0x46ed,䛭,72
0x46ee,䛮,25
0x46ef,䛯,12
0x46f0,䛰,2
0x46f1,䛱,4
0x46f2,䛲,23
0x46f3,䛳,26
0x46f4,䛴,39
0x46f5,䛵,6
0x46f6,䛶,21
0x46f7,䛷,8
0x46f8,䛸,3
0x46f9,䛹,18
0x46fa,䛺,4
0x46fb,䛻,31
0x46fc,䛼,20
0x46fd,䛽,12
0x46fe,䛾,7
0x46ff,䛿,19
0x4700,䜀,11
0x4701,䜁,13
0x4702,䜂,1
0x4703,䜃,13
0x4704,䜄,28
0x4705,䜅,47
0x4706,䜆,6
0x4707,䜇,30
0x4708,䜈,59
0x4709,䜉,14
0x470a,䜊,59
0x470b,䜋,117
0x470c,䜌,1172
0x470d,䜍,13
0x470e,䜎,31
0x470f,䜏,12
0x4710,䜐,38
0x4711,䜑,3
0x4712,䜒,20
0x4713,䜓,7
0x4714,䜔,3
0x4715,䜕,26
0x4716,䜖,39
0x4717,䜗,8
0x4718,䜘,5
0x4719,䜙,34
0x471a,䜚,34
0x471b,䜛,5979
0x471c,䜜,22
0x471d,䜝,7
0x471e,䜞,3
0x471f,䜟,11673
0x4720,䜠,9
0x4722,䜢,4
0x4723,䜣,3
0x4724,䜤,3
0x4727,䜧,5
0x4728,䜨,1
0x472a,䜪,81
0x472b,䜫,37
0x472c,䜬,4
0x472d,䜭,71
0x472e,䜮,24
0x472f,䜯,6
0x4730,䜰,5
0x4731,䜱,23
0x4732,䜲,14
0x4733,䜳,2
0x4734,䜴,2491
0x4735,䜵,28
0x4736,䜶,27
0x4737,䜷,11
0x4738,䜸,10
0x4739,䜹,78
0x473a,䜺,19
0x473b,䜻,13
0x473c,䜼,3
0x473d,䜽,32
0x473e,䜾,10
0x473f,䜿,2793
0x4740,䝀,20
0x4741,䝁,90
0x4742,䝂,16
0x4744,䝄,21
0x4745,䝅,1
0x4746,䝆,7
0x4747,䝇,13
0x4748,䝈,103
0x4749,䝉,74841
0x474a,䝊,12
0x474b,䝋,25
0x474c,䝌,8
0x474d,䝍,13
0x474e,䝎,140
0x474f,䝏,35
0x4750,䝐,111
0x4751,䝑,6
0x4752,䝒,21
0x4753,䝓,16
0x4754,䝔,17
0x4755,䝕,12
0x4756,䝖,22
0x4757,䝗,11
0x4758,䝘,78
0x4759,䝙,10
0x475a,䝚,5
0x475b,䝛,12
0x475c,䝜,21
0x475d,䝝,9
0x475e,䝞,77
0x475f,䝟,529
0x4760,䝠,67
0x4761,䝡,33
0x4762,䝢,62
0x4763,䝣,10
0x4764,䝤,262
0x4765,䝥,554
0x4766,䝦,17
0x4767,䝧,5
0x4768,䝨,1039
0x4769,䝩,8
0x476a,䝪,46
0x476b,䝫,4
0x476c,䝬,44
0x476d,䝭,7
0x476e,䝮,35
0x476f,䝯,93
0x4770,䝰,53
0x4771,䝱,64
0x4772,䝲,4
0x4773,䝳,5
0x4774,䝴,33
0x4775,䝵,8
0x4776,䝶,22
0x4777,䝷,78
0x4778,䝸,5
0x4779,䝹,9
0x477a,䝺,69
0x477b,䝻,36
0x477c,䝼,32
0x477d,䝽,4
0x477e,䝾,14
0x477f,䝿,1832
0x4780,䞀,18
0x4781,䞁,21
0x4782,䞂,7
0x4783,䞃,7
0x4784,䞄,14
0x4785,䞅,48
0x4786,䞆,3
0x4787,䞇,1540
0x4788,䞈,97
0x4789,䞉,297
0x478a,䞊,1
0x478b,䞋,226
0x478e,䞎,5
0x478f,䞏,1
0x4791,䞑,3
0x4792,䞒,5
0x4793,䞓,466
0x4794,䞔,9
0x4795,䞕,7
0x4796,䞖,2
0x4797,䞗,15
0x4798,䞘,29
0x4799,䞙,25
0x479a,䞚,12
0x479b,䞛,4
0x479c,䞜,4
0x479d,䞝,5
0x479e,䞞,8
0x479f,䞟,45
0x47a0,䞠,4
0x47a1,䞡,4
0x47a2,䞢,53
0x47a3,䞣,26
0x47a4,䞤,17
0x47a5,䞥,13
0x47a6,䞦,22
0x47a7,䞧,6
0x47a8,䞨,22
0x47a9,䞩,11
0x47aa,䞪,5
0x47ab,䞫,2
0x47ac,䞬,16
0x47ad,䞭,38
0x47ae,䞮,15
0x47af,䞯,13
0x47b0,䞰,6
0x47b1,䞱,17
0x47b2,䞲,26
0x47b3,䞳,28
0x47b4,䞴,66
0x47b5,䞵,7
0x47b6,䞶,13
0x47b7,䞷,6
0x47b9,䞹,8
0x47ba,䞺,3
0x47bb,䞻,7
0x47bc,䞼,7
0x47bd,䞽,18
0x47be,䞾,15
0x47bf,䞿,12
0x47c0,䟀,13
0x47c1,䟁,4
0x47c2,䟂,7
0x47c3,䟃,325
0x47c4,䟄,6
0x47c5,䟅,2
0x47c6,䟆,379
0x47c7,䟇,4
0x47c8,䟈,3
0x47c9,䟉,9
0x47ca,䟊,15
0x47cb,䟋,1
0x47cc,䟌,32
0x47cd,䟍,10
0x47ce,䟎,944
0x47cf,䟏,52
0x47d0,䟐,189
0x47d1,䟑,17
0x47d2,䟒,20
0x47d3,䟓,34
0x47d4,䟔,18
0x47d5,䟕,10
0x47d6,䟖,4
0x47d7,䟗,17
0x47d8,䟘,11
0x47d9,䟙,4
0x47da,䟚,6
0x47db,䟛,10
0x47dc,䟜,2
0x47dd,䟝,18
0x47de,䟞,4
0x47df,䟟,14
0x47e0,䟠,22
0x47e1,䟡,57
0x47e2,䟢,23
0x47e3,䟣,34
0x47e4,䟤,129
0x47e5,䟥,10
0x47e6,䟦,25407
0x47e7,䟧,5
0x47e8,䟨,7
0x47e9,䟩,10
0x47ea,䟪,5
0x47eb,䟫,306
0x47ec,䟬,5
0x47ed,䟭,31
0x47ee,䟮,45
0x47ef,䟯,13
0x47f0,䟰,33
0x47f1,䟱,655
0x47f2,䟲,43
0x47f3,䟳,2
0x47f4,䟴,41
0x47f5,䟵,20
0x47f6,䟶,11
0x47f7,䟷,10
0x47f8,䟸,27
0x47f9,䟹,9
0x47fa,䟺,39
0x47fb,䟻,8
0x47fc,䟼,6
0x47fd,䟽,101737
0x47fe,䟾,27
0x47ff,䟿,18
0x4800,䠀,15
0x4801,䠁,6
0x4802,䠂,458
0x4803,䠃,4
0x4804,䠄,13
0x4805,䠅,13
0x4806,䠆,55
0x4807,䠇,57
0x4808,䠈,12
0x4809,䠉,16
0x480a,䠊,104
0x480b,䠋,64
0x480c,䠌,7
0x480d,䠍,12
0x480e,䠎,17
0x480f,䠏,27
0x4810,䠐,60
0x4811,䠑,39
0x4812,䠒,32
0x4813,䠓,63
0x4814,䠔,6
0x4815,䠕,6
0x4816,䠖,2
0x4817,䠗,35
0x4818,䠘,8
0x4819,䠙,29
0x481a,䠚,7
0x481b,䠛,19
0x481c,䠜,5
0x481d,䠝,6
0x481e,䠞,1368
0x481f,䠟,22
0x4820,䠠,114
0x4821,䠡,10
0x4822,䠢,9
0x4823,䠣,32
0x4824,䠤,16
0x4825,䠥,312
0x4826,䠦,6
0x4827,䠧,132
0x4828,䠨,31
0x4829,䠩,2
0x482a,䠪,9
0x482b,䠫,10
0x482c,䠬,4
0x482d,䠭,5
0x482e,䠮,12
0x482f,䠯,19
0x4830,䠰,8
0x4831,䠱,293
0x4832,䠲,4
0x4833,䠳,11
0x4834,䠴,17
0x4835,䠵,10
0x4836,䠶,867
0x4837,䠷,46
0x4838,䠸,22
0x4839,䠹,8
0x483b,䠻,31
0x483c,䠼,62
0x483d,䠽,4
0x483e,䠾,2
0x483f,䠿,17
0x4840,䡀,25
0x4841,䡁,7
0x4842,䡂,33
0x4843,䡃,26
0x4844,䡄,1028
0x4845,䡅,96
0x4846,䡆,27
0x4847,䡇,27
0x4848,䡈,48
0x4849,䡉,16
0x484a,䡊,91
0x484b,䡋,16
0x484c,䡌,67
0x484d,䡍,56
0x484e,䡎,6
0x484f,䡏,14
0x4850,䡐,18
0x4851,䡑,11
0x4852,䡒,8
0x4853,䡓,171
0x4854,䡔,34
0x4855,䡕,12
0x4856,䡖,3154
0x4857,䡗,45
0x4858,䡘,82
0x4859,䡙,17
0x485a,䡚,32
0x485b,䡛,52
0x485c,䡜,14
0x485d,䡝,67
0x485e,䡞,25
0x485f,䡟,26
0x4860,䡠,11
0x4861,䡡,15
0x4862,䡢,8
0x4863,䡣,36
0x4864,䡤,56
0x4865,䡥,36
0x4866,䡦,18
0x4867,䡧,11
0x4868,䡨,111
0x4869,䡩,25
0x486a,䡪,1
0x486b,䡫,10
0x486c,䡬,44
0x486d,䡭,24
0x486e,䡮,79
0x486f,䡯,36
0x4870,䡰,153
0x4871,䡱,8
0x4872,䡲,18
0x4873,䡳,23
0x4874,䡴,359
0x4875,䡵,27
0x4876,䡶,6
0x4877,䡷,13
0x4878,䡸,1
0x4879,䡹,34
0x487a,䡺,42
0x487b,䡻,30
0x487c,䡼,15
0x487d,䡽,11
0x487e,䡾,736
0x487f,䡿,6
0x4880,䢀,1
0x4881,䢁,4
0x4882,䢂,1
0x4883,䢃,32
0x4884,䢄,19
0x4885,䢅,875
0x4886,䢆,14
0x4887,䢇,43
0x4888,䢈,20
0x4889,䢉,132
0x488a,䢊,6
0x488b,䢋,99
0x488c,䢌,53
0x488d,䢍,43
0x488e,䢎,5
0x4890,䢐,24
0x4891,䢑,10
0x4892,䢒,21
0x4893,䢓,7
0x4894,䢔,91
0x4895,䢕,2
0x4896,䢖,1263
0x4897,䢗,89
0x4899,䢙,17
0x489a,䢚,8
0x489b,䢛,11
0x489c,䢜,59
0x489d,䢝,17
0x489e,䢞,7
0x489f,䢟,15
0x48a0,䢠,5
0x48a1,䢡,26
0x48a2,䢢,10
0x48a3,䢣,66
0x48a4,䢤,10
0x48a5,䢥,18
0x48a6,䢦,38
0x48a7,䢧,4
0x48a8,䢨,23
0x48a9,䢩,10
0x48aa,䢪,10
0x48ab,䢫,69
0x48ac,䢬,11
0x48ad,䢭,13
0x48ae,䢮,15
0x48af,䢯,7
0x48b0,䢰,45
0x48b1,䢱,29
0x48b2,䢲,5
0x48b3,䢳,20
0x48b4,䢴,2515
0x48b5,䢵,798
0x48b6,䢶,15
0x48b7,䢷,89
0x48b8,䢸,12
0x48b9,䢹,15
0x48ba,䢺,1
0x48bb,䢻,21
0x48bc,䢼,88
0x48bd,䢽,66
0x48be,䢾,21
0x48bf,䢿,157
0x48c0,䣀,27
0x48c1,䣁,14
0x48c2,䣂,30
0x48c3,䣃,246
0x48c4,䣄,122
0x48c5,䣅,12
0x48c6,䣆,44
0x48c7,䣇,6
0x48c8,䣈,34
0x48ca,䣊,844
0x48cb,䣋,6
0x48cc,䣌,5
0x48cd,䣍,64
0x48ce,䣎,6
0x48cf,䣏,4
0x48d0,䣐,15
0x48d1,䣑,22
0x48d2,䣒,1
0x48d3,䣓,6
0x48d4,䣔,25
0x48d5,䣕,168
0x48d6,䣖,11
0x48d7,䣗,1
0x48d8,䣘,22
0x48d9,䣙,255
0x48da,䣚,24
0x48db,䣛,766
0x48dc,䣜,219
0x48dd,䣝,71
0x48de,䣞,9
0x48df,䣟,18
0x48e0,䣠,20
0x48e1,䣡,18
0x48e2,䣢,55
0x48e3,䣣,34
0x48e4,䣤,12
0x48e5,䣥,6
0x48e6,䣦,4
0x48e7,䣧,9
0x48e8,䣨,34
0x48e9,䣩,29
0x48ea,䣪,4
0x48eb,䣫,3
0x48ec,䣬,1
0x48ed,䣭,79
0x48ee,䣮,5
0x48ef,䣯,17
0x48f0,䣰,23
0x48f1,䣱,97
0x48f2,䣲,4
0x48f3,䣳,7
0x48f4,䣴,3
0x48f5,䣵,20
0x48f6,䣶,6
0x48f7,䣷,29
0x48f8,䣸,98
0x48f9,䣹,2
0x48fa,䣺,20
0x48fb,䣻,4
0x48fc,䣼,121
0x48fd,䣽,11
0x48fe,䣾,11
0x48ff,䣿,15
0x4900,䤀,260
0x4901,䤁,16
0x4902,䤂,2
0x4903,䤃,23
0x4904,䤄,30
0x4905,䤅,65
0x4906,䤆,4
0x4907,䤇,45
0x4908,䤈,262
0x4909,䤉,21
0x490a,䤊,12
0x490b,䤋,134
0x490c,䤌,3
0x490d,䤍,5
0x490e,䤎,8
0x490f,䤏,14
0x4910,䤐,80
0x4911,䤑,20
0x4912,䤒,16
0x4913,䤓,11
0x4914,䤔,29
0x4915,䤕,7
0x4916,䤖,25
0x4917,䤗,7
0x4918,䤘,48
0x4919,䤙,8
0x491a,䤚,7
0x491b,䤛,16
0x491c,䤜,48
0x491d,䤝,9
0x491e,䤞,23
0x491f,䤟,2
0x4920,䤠,84
0x4921,䤡,32
0x4922,䤢,9
0x4923,䤣,4
0x4924,䤤,8
0x4925,䤥,52
0x4926,䤦,4
0x4927,䤧,24
0x4928,䤨,137
0x4929,䤩,21
0x492a,䤪,14
0x492b,䤫,2
0x492c,䤬,30
0x492d,䤭,19
0x492e,䤮,34
0x492f,䤯,12
0x4930,䤰,21
0x4931,䤱,8
0x4933,䤳,80
0x4934,䤴,55
0x4935,䤵,114
0x4936,䤶,23
0x4937,䤷,11
0x4938,䤸,61
0x4939,䤹,110
0x493a,䤺,22
0x493b,䤻,30
0x493c,䤼,9
0x493d,䤽,16
0x493e,䤾,49
0x493f,䤿,19
0x4940,䥀,10
0x4941,䥁,13
0x4942,䥂,6
0x4943,䥃,7
0x4944,䥄,16
0x4945,䥅,12
0x4946,䥆,16
0x4947,䥇,1
0x4948,䥈,260
0x4949,䥉,9
0x494a,䥊,38
0x494b,䥋,21
0x494c,䥌,8
0x494d,䥍,26
0x494e,䥎,12
0x494f,䥏,62
0x4950,䥐,33
0x4951,䥑,6
0x4952,䥒,13
0x4953,䥓,19
0x4954,䥔,38
0x4955,䥕,42
0x4956,䥖,245
0x4957,䥗,10
0x4958,䥘,435
0x4959,䥙,14
0x495a,䥚,1
0x495b,䥛,23
0x495d,䥝,34
0x495e,䥞,1
0x495f,䥟,10
0x4960,䥠,7
0x4961,䥡,12
0x4962,䥢,32
0x4963,䥣,45
0x4964,䥤,7
0x4965,䥥,352
0x4966,䥦,25
0x4967,䥧,27
0x4968,䥨,37
0x4969,䥩,23
0x496a,䥪,4
0x496b,䥫,1184
0x496c,䥬,67
0x496d,䥭,3
0x496e,䥮,4
0x496f,䥯,34
0x4970,䥰,5
0x4971,䥱,40
0x4973,䥳,9
0x4974,䥴,739
0x4975,䥵,65
0x4976,䥶,129
0x4977,䥷,401
0x4978,䥸,22
0x497c,䥼,1
0x497d,䥽,10
0x4980,䦀,36
0x4986,䦆,5
0x4987,䦇,3
0x4988,䦈,19
0x498a,䦊,18
0x498b,䦋,3
0x498c,䦌,36
0x498d,䦍,6
0x498e,䦎,63
0x498f,䦏,28
0x4990,䦐,169
0x4991,䦑,22
0x4992,䦒,22
0x4993,䦓,24
0x4994,䦔,17
0x4995,䦕,1517
0x4996,䦖,26
0x4997,䦗,13
0x4998,䦘,169
0x4999,䦙,25
0x499a,䦚,81
0x499b,䦛,15
0x499c,䦜,44
0x499d,䦝,22
0x499e,䦞,22
0x499f,䦟,35
0x49a0,䦠,6
0x49a1,䦡,31
0x49a2,䦢,8
0x49a3,䦣,35
0x49a4,䦤,2
0x49a5,䦥,4
0x49a6,䦦,3
0x49a7,䦧,835
0x49a8,䦨,9033
0x49a9,䦩,47
0x49aa,䦪,40
0x49ab,䦫,2
0x49ac,䦬,17
0x49ad,䦭,10
0x49ae,䦮,8
0x49af,䦯,75
0x49b0,䦰,80
0x49b1,䦱,311
0x49b2,䦲,38
0x49b3,䦳,39
0x49b4,䦴,3
0x49b5,䦵,9
0x49b6,䦶,3
0x49b7,䦷,4
0x49b9,䦹,8
0x49ba,䦺,11
0x49bb,䦻,1
0x49bc,䦼,3
0x49bd,䦽,5
0x49be,䦾,1
0x49bf,䦿,9
0x49c1,䧁,9
0x49c2,䧂,8
0x49c4,䧄,20
0x49c5,䧅,31
0x49c6,䧆,5
0x49c7,䧇,16
0x49c8,䧈,3
0x49c9,䧉,15
0x49ca,䧊,9
0x49cb,䧋,9
0x49cc,䧌,1
0x49cd,䧍,6
0x49ce,䧎,18
0x49cf,䧏,8815
0x49d0,䧐,2
0x49d1,䧑,20
0x49d2,䧒,5
0x49d3,䧓,5
0x49d4,䧔,2
0x49d5,䧕,44
0x49d6,䧖,4
0x49d7,䧗,4
0x49d8,䧘,20
0x49d9,䧙,37
0x49da,䧚,18
0x49db,䧛,17
0x49dc,䧜,30
0x49dd,䧝,3
0x49de,䧞,12
0x49df,䧟,39047
0x49e0,䧠,8
0x49e1,䧡,13
0x49e2,䧢,207
0x49e3,䧣,2
0x49e4,䧤,15
0x49e5,䧥,6
0x49e6,䧦,28
0x49e7,䧧,2
0x49e8,䧨,4
0x49e9,䧩,13
0x49ea,䧪,6
0x49eb,䧫,9
0x49ec,䧬,11
0x49ee,䧮,2
0x49ef,䧯,10
0x49f0,䧰,3
0x49f1,䧱,56
0x49f2,䧲,10
0x49f3,䧳,29
0x49f4,䧴,46
0x49f5,䧵,16
0x49f6,䧶,13
0x49f7,䧷,2
0x49f8,䧸,16
0x49f9,䧹,193
0x49fa,䧺,3549
0x49fb,䧻,5
0x49fc,䧼,13
0x49fd,䧽,17
0x49fe,䧾,1
0x49ff,䧿,328
0x4a00,䨀,35
0x4a01,䨁,11
0x4a02,䨂,9
0x4a03,䨃,3
0x4a04,䨄,60
0x4a05,䨅,6
0x4a06,䨆,1
0x4a07,䨇,21898
0x4a08,䨈,5
0x4a09,䨉,6
0x4a0a,䨊,59
0x4a0b,䨋,18
0x4a0c,䨌,17
0x4a0d,䨍,9
0x4a0e,䨎,25
0x4a0f,䨏,6
0x4a10,䨐,24
0x4a11,䨑,88
0x4a12,䨒,37
0x4a13,䨓,229
0x4a14,䨔,51
0x4a15,䨕,8
0x4a16,䨖,37
0x4a17,䨗,8
0x4a18,䨘,109
0x4a19,䨙,250
0x4a1a,䨚,19
0x4a1b,䨛,22
0x4a1c,䨜,44
0x4a1d,䨝,5
0x4a1e,䨞,25
0x4a1f,䨟,30
0x4a20,䨠,47
0x4a21,䨡,5
0x4a22,䨢,37
0x4a23,䨣,19
0x4a24,䨤,14
0x4a25,䨥,399
0x4a26,䨦,12
0x4a27,䨧,91
0x4a28,䨨,34
0x4a29,䨩,6
0x4a2a,䨪,45
0x4a2b,䨫,8
0x4a2c,䨬,405
0x4a2d,䨭,8
0x4a2e,䨮,346
0x4a2f,䨯,4
0x4a30,䨰,49
0x4a31,䨱,598
0x4a32,䨲,286
0x4a33,䨳,15
0x4a34,䨴,1014
0x4a35,䨵,19
0x4a36,䨶,7
0x4a37,䨷,17
0x4a38,䨸,12
0x4a39,䨹,88
0x4a3a,䨺,9
0x4a3b,䨻,20
0x4a3c,䨼,124
0x4a3d,䨽,21
0x4a3e,䨾,37
0x4a3f,䨿,12
0x4a40,䩀,5
0x4a41,䩁,5
0x4a42,䩂,4
0x4a43,䩃,17
0x4a44,䩄,18
0x4a45,䩅,5
0x4a46,䩆,9
0x4a47,䩇,10
0x4a48,䩈,6
0x4a49,䩉,172
0x4a4a,䩊,35
0x4a4b,䩋,12
0x4a4c,䩌,19
0x4a4d,䩍,24
0x4a4f,䩏,8
0x4a50,䩐,11
0x4a51,䩑,10
0x4a52,䩒,9
0x4a53,䩓,24
0x4a54,䩔,22
0x4a55,䩕,177
0x4a56,䩖,5
0x4a57,䩗,9
0x4a58,䩘,7
0x4a59,䩙,14
0x4a5a,䩚,23
0x4a5b,䩛,38
0x4a5c,䩜,54
0x4a5d,䩝,5
0x4a5e,䩞,224
0x4a5f,䩟,7
0x4a60,䩠,101
0x4a61,䩡,28
0x4a62,䩢,61
0x4a63,䩣,34
0x4a64,䩤,38
0x4a65,䩥,21
0x4a66,䩦,28
0x4a67,䩧,82
0x4a68,䩨,160
0x4a69,䩩,14
0x4a6a,䩪,14
0x4a6b,䩫,48
0x4a6c,䩬,55
0x4a6d,䩭,62
0x4a6e,䩮,18
0x4a6f,䩯,57
0x4a70,䩰,3
0x4a71,䩱,51
0x4a72,䩲,16
0x4a73,䩳,10
0x4a74,䩴,9
0x4a75,䩵,42
0x4a76,䩶,9
0x4a77,䩷,4
0x4a78,䩸,87
0x4a79,䩹,22
0x4a7a,䩺,126
0x4a7b,䩻,5
0x4a7c,䩼,42
0x4a7d,䩽,24
0x4a7e,䩾,14
0x4a7f,䩿,25
0x4a80,䪀,5
0x4a81,䪁,25
0x4a82,䪂,4
0x4a83,䪃,19
0x4a84,䪄,11
0x4a85,䪅,66
0x4a86,䪆,13
0x4a87,䪇,25
0x4a88,䪈,48
0x4a89,䪉,67
0x4a8a,䪊,26
0x4a8c,䪌,28
0x4a8d,䪍,63
0x4a8e,䪎,48
0x4a8f,䪏,8
0x4a90,䪐,221
0x4a91,䪑,1
0x4a92,䪒,42
0x4a93,䪓,19
0x4a94,䪔,9
0x4a95,䪕,11
0x4a96,䪖,75
0x4a97,䪗,18
0x4a98,䪘,28
0x4a99,䪙,4
0x4a9a,䪚,8
0x4a9b,䪛,33
0x4a9c,䪜,41
0x4a9d,䪝,26
0x4a9e,䪞,58
0x4aa0,䪠,42
0x4aa1,䪡,18
0x4aa2,䪢,6
0x4aa3,䪣,1
0x4aa4,䪤,35
0x4aa5,䪥,912
0x4aa6,䪦,9
0x4aa7,䪧,12
0x4aa8,䪨,483
0x4aa9,䪩,51
0x4aab,䪫,291
0x4aac,䪬,25
0x4aad,䪭,13
0x4aae,䪮,27
0x4aaf,䪯,102
0x4ab0,䪰,1
0x4ab1,䪱,34
0x4ab2,䪲,3
0x4ab3,䪳,25
0x4ab4,䪴,19
0x4ab5,䪵,4
0x4ab6,䪶,12
0x4ab7,䪷,4
0x4ab8,䪸,9
0x4ab9,䪹,30
0x4aba,䪺,274
0x4abb,䪻,71
0x4abc,䪼,300
0x4abd,䪽,4
0x4abe,䪾,25
0x4abf,䪿,71
0x4ac0,䫀,17
0x4ac1,䫁,26
0x4ac2,䫂,515
0x4ac3,䫃,33
0x4ac4,䫄,39
0x4ac5,䫅,6
0x4ac6,䫆,16
0x4ac7,䫇,405
0x4ac8,䫈,102
0x4ac9,䫉,448
0x4aca,䫊,6
0x4acb,䫋,58
0x4acc,䫌,152
0x4acd,䫍,37
0x4ace,䫎,12
0x4acf,䫏,132
0x4ad0,䫐,10
0x4ad1,䫑,2
0x4ad2,䫒,6
0x4ad3,䫓,19
0x4ad4,䫔,21
0x4ad5,䫕,19
0x4ad6,䫖,8
0x4ad7,䫗,54
0x4ad8,䫘,23
0x4ad9,䫙,237
0x4ada,䫚,4
0x4adb,䫛,13
0x4adc,䫜,234
0x4add,䫝,11
0x4ade,䫞,10
0x4adf,䫟,333
0x4ae0,䫠,2
0x4ae1,䫡,27
0x4ae2,䫢,6
0x4ae3,䫣,3
0x4ae4,䫤,33
0x4ae5,䫥,36
0x4ae6,䫦,13
0x4ae7,䫧,7
0x4ae8,䫨,25
0x4ae9,䫩,16
0x4aea,䫪,38
0x4aeb,䫫,1732
0x4aec,䫬,17
0x4aed,䫭,7
0x4aee,䫮,4
0x4aef,䫯,6
0x4af0,䫰,20
0x4af1,䫱,1
0x4af2,䫲,33
0x4af3,䫳,26
0x4af4,䫴,78
0x4af5,䫵,10
0x4af6,䫶,8
0x4af7,䫷,1
0x4af8,䫸,19
0x4af9,䫹,10
0x4afa,䫺,5
0x4afb,䫻,368
0x4afc,䫼,6
0x4afd,䫽,4
0x4afe,䫾,9
0x4aff,䫿,8
0x4b00,䬀,69
0x4b01,䬁,5
0x4b02,䬂,31
0x4b03,䬃,2449
0x4b04,䬄,8
0x4b05,䬅,302
0x4b06,䬆,32
0x4b07,䬇,5
0x4b08,䬈,2
0x4b09,䬉,15
0x4b0a,䬊,5
0x4b0b,䬋,7
0x4b0c,䬌,20
0x4b0d,䬍,57
0x4b0e,䬎,9
0x4b0f,䬏,4
0x4b10,䬐,31
0x4b11,䬑,36
0x4b12,䬒,59
0x4b13,䬓,27
0x4b14,䬔,33
0x4b15,䬕,6
0x4b16,䬖,28
0x4b17,䬗,10
0x4b18,䬘,31
0x4b19,䬙,352
0x4b1a,䬚,2
0x4b1b,䬛,45
0x4b1c,䬜,3
0x4b1d,䬝,72
0x4b1e,䬞,39
0x4b1f,䬟,130
0x4b20,䬠,97
0x4b21,䬡,11
0x4b22,䬢,11
0x4b23,䬣,40
0x4b24,䬤,14
0x4b25,䬥,5
0x4b26,䬦,21
0x4b27,䬧,19
0x4b28,䬨,3
0x4b29,䬩,3
0x4b2a,䬪,106
0x4b2b,䬫,113
0x4b2c,䬬,31
0x4b2d,䬭,4
0x4b2e,䬮,11
0x4b2f,䬯,42
0x4b30,䬰,6
0x4b32,䬲,20
0x4b33,䬳,34
0x4b34,䬴,65
0x4b35,䬵,30
0x4b36,䬶,208
0x4b37,䬷,8
0x4b38,䬸,130
0x4b39,䬹,17
0x4b3a,䬺,3
0x4b3b,䬻,85
0x4b3c,䬼,85
0x4b3d,䬽,20
0x4b3e,䬾,164
0x4b3f,䬿,5
0x4b40,䭀,264
0x4b41,䭁,5
0x4b42,䭂,23
0x4b43,䭃,21
0x4b44,䭄,4
0x4b45,䭅,28
0x4b46,䭆,12
0x4b47,䭇,128
0x4b48,䭈,91
0x4b49,䭉,15
0x4b4a,䭊,10
0x4b4b,䭋,2
0x4b4c,䭌,4
0x4b4d,䭍,10
0x4b4e,䭎,3
0x4b4f,䭏,1
0x4b50,䭐,5
0x4b51,䭑,29
0x4b52,䭒,55
0x4b53,䭓,31
0x4b54,䭔,325
0x4b55,䭕,16
0x4b56,䭖,9
0x4b57,䭗,7
0x4b58,䭘,17
0x4b59,䭙,10
0x4b5a,䭚,24
0x4b5b,䭛,1
0x4b5c,䭜,3
0x4b5d,䭝,7
0x4b5e,䭞,23
0x4b60,䭠,2
0x4b61,䭡,28
0x4b62,䭢,20
0x4b63,䭣,10
0x4b64,䭤,17
0x4b65,䭥,3
0x4b66,䭦,5
0x4b67,䭧,4
0x4b68,䭨,9
0x4b69,䭩,18
0x4b6a,䭪,2
0x4b6b,䭫,56
0x4b6c,䭬,56
0x4b6d,䭭,129
0x4b6e,䭮,91
0x4b6f,䭯,5
0x4b70,䭰,1
0x4b71,䭱,39
0x4b72,䭲,48
0x4b73,䭳,9
0x4b74,䭴,23
0x4b75,䭵,17
0x4b76,䭶,3
0x4b77,䭷,68
0x4b78,䭸,19
0x4b79,䭹,72
0x4b7a,䭺,5
0x4b7b,䭻,7
0x4b7c,䭼,4
0x4b7d,䭽,2
0x4b7e,䭾,7026
0x4b7f,䭿,59
0x4b80,䮀,6
0x4b81,䮁,22
0x4b82,䮂,40
0x4b83,䮃,342
0x4b84,䮄,16
0x4b85,䮅,15
0x4b86,䮆,18
0x4b87,䮇,8
0x4b88,䮈,3
0x4b89,䮉,22
0x4b8a,䮊,9
0x4b8b,䮋,9
0x4b8c,䮌,3
0x4b8d,䮍,284
0x4b8e,䮎,5
0x4b8f,䮏,3
0x4b90,䮐,84
0x4b91,䮑,7
0x4b92,䮒,4
0x4b93,䮓,16
0x4b94,䮔,16
0x4b95,䮕,4
0x4b96,䮖,42
0x4b97,䮗,40
0x4b98,䮘,19
0x4b99,䮙,13
0x4b9a,䮚,20
0x4b9b,䮛,22
0x4b9c,䮜,9
0x4b9d,䮝,33
0x4b9e,䮞,35
0x4b9f,䮟,7
0x4ba0,䮠,16
0x4ba1,䮡,18
0x4ba2,䮢,6
0x4ba3,䮣,3
0x4ba4,䮤,6
0x4ba5,䮥,5
0x4ba6,䮦,58
0x4ba7,䮧,217
0x4ba8,䮨,1
0x4ba9,䮩,12
0x4baa,䮪,17
0x4bab,䮫,15
0x4bac,䮬,9
0x4bad,䮭,22
0x4bae,䮮,46
0x4baf,䮯,44
0x4bb0,䮰,19
0x4bb1,䮱,10
0x4bb2,䮲,24
0x4bb3,䮳,4
0x4bb4,䮴,10
0x4bb5,䮵,25
0x4bb6,䮶,9
0x4bb7,䮷,43
0x4bb8,䮸,17
0x4bb9,䮹,34
0x4bba,䮺,15
0x4bbb,䮻,5
0x4bbc,䮼,7
0x4bbd,䮽,32
0x4bbe,䮾,241
0x4bbf,䮿,37
0x4bc0,䯀,81
0x4bc1,䯁,37
0x4bc2,䯂,264
0x4bc3,䯃,16
0x4bc6,䯆,8
0x4bc7,䯇,21
0x4bc8,䯈,24
0x4bc9,䯉,21
0x4bca,䯊,52
0x4bcb,䯋,7
0x4bcc,䯌,12
0x4bcd,䯍,4
0x4bce,䯎,7
0x4bcf,䯏,32
0x4bd0,䯐,4
0x4bd1,䯑,25
0x4bd2,䯒,422
0x4bd3,䯓,35
0x4bd4,䯔,11
0x4bd5,䯕,7
0x4bd6,䯖,16
0x4bd7,䯗,105
0x4bd8,䯘,10
0x4bd9,䯙,5
0x4bda,䯚,55
0x4bdb,䯛,13
0x4bdc,䯜,16
0x4bdd,䯝,52
0x4bde,䯞,25
0x4bdf,䯟,8
0x4be0,䯠,7
0x4be1,䯡,5
0x4be2,䯢,532
0x4be3,䯣,12
0x4be4,䯤,148
0x4be5,䯥,2
0x4be6,䯦,11
0x4be7,䯧,6
0x4be8,䯨,19
0x4bea,䯪,23
0x4beb,䯫,12
0x4bec,䯬,19
0x4bed,䯭,14
0x4bee,䯮,10
0x4bef,䯯,16
0x4bf0,䯰,82
0x4bf1,䯱,121
0x4bf2,䯲,11
0x4bf3,䯳,56
0x4bf5,䯵,5
0x4bf6,䯶,4
0x4bf7,䯷,16
0x4bf8,䯸,41
0x4bf9,䯹,6
0x4bfa,䯺,7
0x4bfb,䯻,1066
0x4bfc,䯼,477
0x4bfd,䯽,12
0x4bfe,䯾,13
0x4bff,䯿,9
0x4c00,䰀,76
0x4c01,䰁,6
0x4c02,䰂,97
0x4c03,䰃,47
0x4c04,䰄,335
0x4c05,䰅,1272
0x4c06,䰆,11
0x4c07,䰇,139
0x4c08,䰈,217
0x4c09,䰉,42
0x4c0a,䰊,2
0x4c0b,䰋,8
0x4c0c,䰌,109
0x4c0d,䰍,392
0x4c0e,䰎,26
0x4c0f,䰏,61
0x4c10,䰐,185
0x4c11,䰑,84
0x4c12,䰒,57
0x4c13,䰓,8
0x4c14,䰔,12
0x4c15,䰕,32
0x4c16,䰖,16
0x4c17,䰗,38
0x4c18,䰘,9
0x4c19,䰙,24
0x4c1a,䰚,9
0x4c1b,䰛,43
0x4c1c,䰜,63
0x4c1d,䰝,89
0x4c1e,䰞,398
0x4c1f,䰟,17291
0x4c20,䰠,68
0x4c21,䰡,59
0x4c22,䰢,278
0x4c23,䰣,20
0x4c24,䰤,8
0x4c25,䰥,87
0x4c26,䰦,2
0x4c27,䰧,12
0x4c28,䰨,1
0x4c29,䰩,44
0x4c2a,䰪,1
0x4c2b,䰫,20
0x4c2c,䰬,4
0x4c2d,䰭,18
0x4c2f,䰯,17
0x4c30,䰰,73
0x4c31,䰱,3
0x4c32,䰲,58
0x4c33,䰳,1
0x4c34,䰴,4
0x4c35,䰵,18
0x4c37,䰷,17
0x4c38,䰸,4
0x4c39,䰹,5
0x4c3a,䰺,3
0x4c3b,䰻,163
0x4c3c,䰼,18
0x4c3d,䰽,57
0x4c3e,䰾,8
0x4c3f,䰿,17
0x4c40,䱀,61
0x4c41,䱁,27
0x4c42,䱂,24
0x4c44,䱄,11
0x4c45,䱅,12
0x4c46,䱆,7
0x4c47,䱇,255
0x4c48,䱈,4
0x4c49,䱉,470
0x4c4a,䱊,13
0x4c4b,䱋,46
0x4c4c,䱌,25
0x4c4d,䱍,5
0x4c4e,䱎,103
0x4c4f,䱏,10
0x4c50,䱐,338
0x4c51,䱑,5
0x4c52,䱒,108
0x4c53,䱓,28
0x4c54,䱔,86
0x4c55,䱕,12
0x4c56,䱖,1
0x4c57,䱗,19
0x4c58,䱘,2
0x4c59,䱙,26
0x4c5a,䱚,3
0x4c5b,䱛,3
0x4c5c,䱜,517
0x4c5d,䱝,16
0x4c5e,䱞,7
0x4c5f,䱟,45
0x4c60,䱠,29
0x4c61,䱡,53
0x4c62,䱢,10
0x4c63,䱣,6
0x4c64,䱤,40
0x4c65,䱥,198
0x4c66,䱦,20
0x4c67,䱧,26
0x4c69,䱩,1
0x4c6c,䱬,8
0x4c6e,䱮,7
0x4c6f,䱯,6
0x4c70,䱰,122
0x4c71,䱱,110
0x4c72,䱲,3
0x4c73,䱳,5
0x4c74,䱴,36
0x4c75,䱵,7
0x4c76,䱶,32
0x4c77,䱷,395
0x4c78,䱸,56
0x4c79,䱹,263
0x4c7a,䱺,14
0x4c7b,䱻,74
0x4c7c,䱼,11
0x4c7d,䱽,34
0x4c7e,䱾,36
0x4c7f,䱿,20
0x4c80,䲀,19
0x4c81,䲁,15
0x4c82,䲂,2
0x4c83,䲃,50
0x4c84,䲄,13
0x4c85,䲅,50
0x4c86,䲆,5
0x4c88,䲈,3
0x4c89,䲉,9
0x4c8a,䲊,43
0x4c8b,䲋,20
0x4c8c,䲌,1
0x4c8d,䲍,15
0x4c8e,䲎,5
0x4c8f,䲏,2
0x4c90,䲐,20
0x4c91,䲑,36
0x4c92,䲒,19
0x4c93,䲓,7
0x4c94,䲔,328
0x4c95,䲕,23
0x4c96,䲖,27
0x4c99,䲙,47
0x4c9a,䲚,16
0x4c9b,䲛,133
0x4c9c,䲜,45
0x4c9e,䲞,3
0x4c9f,䲟,1
0x4ca1,䲡,6
0x4ca2,䲢,1
0x4ca3,䲣,10
0x4ca5,䲥,6
0x4ca6,䲦,7
0x4ca7,䲧,746
0x4ca8,䲨,33
0x4ca9,䲩,16
0x4caa,䲪,4
0x4cab,䲫,5
0x4cac,䲬,35
0x4cad,䲭,1703
0x4cae,䲮,13
0x4caf,䲯,4
0x4cb0,䲰,51
0x4cb1,䲱,15
0x4cb2,䲲,9
0x4cb3,䲳,30
0x4cb4,䲴,35
0x4cb5,䲵,5
0x4cb6,䲶,8
0x4cb7,䲷,110
0x4cb8,䲸,21
0x4cb9,䲹,244
0x4cbb,䲻,58
0x4cbc,䲼,13
0x4cbd,䲽,25
0x4cbe,䲾,5
0x4cbf,䲿,4
0x4cc0,䳀,20
0x4cc1,䳁,13
0x4cc2,䳂,10
0x4cc4,䳄,366
0x4cc5,䳅,33
0x4cc6,䳆,18
0x4cc7,䳇,385
0x4cc8,䳈,35
0x4cc9,䳉,10
0x4cca,䳊,2
0x4ccb,䳋,64
0x4ccc,䳌,2007
0x4ccd,䳍,6
0x4cce,䳎,29
0x4ccf,䳏,468
0x4cd0,䳐,45
0x4cd1,䳑,18
0x4cd2,䳒,499
0x4cd3,䳓,110
0x4cd4,䳔,18
0x4cd5,䳕,201
0x4cd6,䳖,2
0x4cd7,䳗,3
0x4cd8,䳘,249
0x4cd9,䳙,12
0x4cda,䳚,45
0x4cdb,䳛,13
0x4cdc,䳜,262
0x4cdd,䳝,24
0x4cde,䳞,2
0x4cdf,䳟,237
0x4ce0,䳠,7
0x4ce1,䳡,107
0x4ce2,䳢,364
0x4ce3,䳣,19
0x4ce4,䳤,17
0x4ce5,䳥,12
0x4ce6,䳦,15
0x4ce7,䳧,3
0x4ce8,䳨,130
0x4ce9,䳩,21
0x4cea,䳪,1
0x4ceb,䳫,47
0x4cec,䳬,10
0x4ced,䳭,201
0x4cee,䳮,22
0x4cef,䳯,21
0x4cf0,䳰,33
0x4cf1,䳱,182
0x4cf2,䳲,35
0x4cf3,䳳,9
0x4cf4,䳴,14
0x4cf5,䳵,432
0x4cf6,䳶,4
0x4cf7,䳷,3
0x4cf8,䳸,15
0x4cf9,䳹,4
0x4cfa,䳺,652
0x4cfb,䳻,10
0x4cfc,䳼,27
0x4cfd,䳽,87
0x4cfe,䳾,5
0x4cff,䳿,9
0x4d00,䴀,22
0x4d01,䴁,14
0x4d02,䴂,4
0x4d03,䴃,15
0x4d04,䴄,37
0x4d05,䴅,49
0x4d06,䴆,7
0x4d07,䴇,30
0x4d08,䴈,19
0x4d09,䴉,100
0x4d0a,䴊,843
0x4d0b,䴋,7
0x4d0c,䴌,107
0x4d0d,䴍,67
0x4d0e,䴎,43
0x4d0f,䴏,220
0x4d10,䴐,5
0x4d11,䴑,20
0x4d12,䴒,11
0x4d14,䴔,4
0x4d15,䴕,1
0x4d16,䴖,3
0x4d17,䴗,1
0x4d19,䴙,4
0x4d1a,䴚,118
0x4d1b,䴛,14
0x4d1c,䴜,21
0x4d1d,䴝,20
0x4d1e,䴞,10
0x4d1f,䴟,4
0x4d20,䴠,240
0x4d21,䴡,2946
0x4d22,䴢,201
0x4d23,䴣,3
0x4d24,䴤,28
0x4d25,䴥,1101
0x4d26,䴦,28
0x4d27,䴧,40
0x4d28,䴨,2
0x4d29,䴩,1
0x4d2a,䴪,8
0x4d2b,䴫,1
0x4d2c,䴬,12
0x4d2d,䴭,19
0x4d2e,䴮,5
0x4d2f,䴯,10
0x4d30,䴰,238
0x4d31,䴱,1
0x4d32,䴲,16
0x4d33,䴳,18
0x4d34,䴴,38
0x4d35,䴵,215
0x4d36,䴶,5
0x4d37,䴷,79
0x4d38,䴸,295
0x4d39,䴹,52
0x4d3a,䴺,18
0x4d3b,䴻,8
0x4d3c,䴼,4
0x4d3d,䴽,28
0x4d3e,䴾,27
0x4d3f,䴿,13
0x4d40,䵀,11
0x4d41,䵁,1
0x4d42,䵂,103
0x4d43,䵃,56
0x4d44,䵄,334
0x4d45,䵅,10
0x4d46,䵆,16
0x4d47,䵇,1
0x4d48,䵈,6
0x4d49,䵉,2
0x4d4a,䵊,2
0x4d4b,䵋,50
0x4d4c,䵌,25
0x4d4d,䵍,137
0x4d4e,䵎,61
0x4d4f,䵏,28
0x4d50,䵐,19
0x4d51,䵑,82
0x4d52,䵒,39
0x4d53,䵓,16
0x4d54,䵔,7
0x4d55,䵕,4
0x4d56,䵖,44
0x4d57,䵗,7
0x4d58,䵘,38
0x4d59,䵙,3
0x4d5b,䵛,18
0x4d5c,䵜,4
0x4d5d,䵝,164
0x4d5e,䵞,40
0x4d5f,䵟,790
0x4d60,䵠,26
0x4d61,䵡,11
0x4d62,䵢,1
0x4d63,䵣,57
0x4d64,䵤,143
0x4d65,䵥,5
0x4d66,䵦,5
0x4d67,䵧,140
0x4d68,䵨,11
0x4d69,䵩,211
0x4d6a,䵪,10
0x4d6b,䵫,12
0x4d6c,䵬,73
0x4d6d,䵭,3
0x4d6e,䵮,8
0x4d6f,䵯,7
0x4d71,䵱,10
0x4d73,䵳,40
0x4d74,䵴,36
0x4d75,䵵,10
0x4d76,䵶,14
0x4d77,䵷,413
0x4d78,䵸,14
0x4d79,䵹,128
0x4d7a,䵺,41
0x4d7b,䵻,36
0x4d7c,䵼,116
0x4d7d,䵽,6
0x4d7e,䵾,45
0x4d7f,䵿,12
0x4d80,䶀,35
0x4d81,䶁,2
0x4d82,䶂,102
0x4d83,䶃,16
0x4d84,䶄,24
0x4d85,䶅,20
0x4d86,䶆,25
0x4d87,䶇,15
0x4d88,䶈,8
0x4d89,䶉,151
0x4d8a,䶊,10
0x4d8b,䶋,23
0x4d8c,䶌,16
0x4d8d,䶍,9
0x4d8e,䶎,86
0x4d8f,䶏,5
0x4d90,䶐,12
0x4d91,䶑,9
0x4d92,䶒,43
0x4d93,䶓,4
0x4d94,䶔,3
0x4d95,䶕,9
0x4d96,䶖,31
0x4d97,䶗,44
0x4d98,䶘,26
0x4d99,䶙,9
0x4d9a,䶚,6
0x4d9b,䶛,24
0x4d9c,䶜,35
0x4d9d,䶝,9
0x4d9e,䶞,15
0x4da0,䶠,4
0x4da2,䶢,18
0x4da3,䶣,7
0x4da4,䶤,3
0x4da5,䶥,542
0x4da6,䶦,43
0x4da7,䶧,31
0x4da8,䶨,10
0x4da9,䶩,48
0x4daa,䶪,34
0x4dab,䶫,81
0x4dac,䶬,60
0x4dae,䶮,1
0x4daf,䶯,1
0x4db0,䶰,1
0x4db1,䶱,86
0x4db2,䶲,31
0x4db3,䶳,9
0x4db4,䶴,15
0x4db5,䶵,226
0x4db6,䶶,2
0x4db8,䶸,12
0x4db9,䶹,11
0x4dba,䶺,4
